뉴스 식별자,일자,언론사,기고자,제목,통합 분류1,통합 분류2,통합 분류3,사건/사고 분류1,사건/사고 분류2,사건/사고 분류3,인물,위치,기관,키워드,특성추출,본문,URL,분석제외 여부
08100301.20190814073130001,20190814,SBS,노유진 기자,"文, 인사청문요청안 오늘 국회 제출 여야 충돌 불가피",정치>행정_자치,,,,,,"문재인,조성욱,후보자",,"사노맹,공정거래위,자유한국당,방송통신위,더불어민주당,국회,법무부,한국당","인사청문요청,국회,제출,충돌,불가피,앵커,문재인,대통령,후보자,조국,법무장관,7명,후보자,인사청문,요청,14일,국회,야당,송곳,검증,이달,청문,정국,여야,충돌,노유진,조국,법무부,장관,후보자,조성욱,공정거래위원장,7명,인사청문,요청,국회,제출,인사청문회법,국회,20일,2일,2일,청문회,여야,조국,법무부,장관,후보자,연일,공방,더불어민주당,자유한국당,색깔론,공세,비판,엄호,조국,후보자,이인영,더불어민주당,원내대표,인사청문회,자리,공안,조서,작성,자리,한국당,정상,검증,몰이성,색깔론,제기,한국당,중심,보수,야당,후보자,사노맹,사건,사노맹,실형,이력,만큼,법무부,장관,부적격,지명,철회,요구,황교안,자유한국당,대표,법무부,장관,처신,행동,부적격,판단,말씀,보수,야당들,후보자,한상혁,방송통신위원장,가짜,표현,자유,중립성,정치,편향,송곳,검증","후보자,한국당,색깔론,부적격,7명,더불어민주당,사노맹,자유한국당,법무부,인사청문,한상혁,방송통신위원장,노유진,법무장관,문재인,중립성,황교안,원내대표,만큼,인사청문회,청문회,야당들,공정거래위원장,인사청문회법,조성욱","<앵커> 

 

문재인 대통령이 조국 법무장관 후보자를 비롯해 7명 후보자에 대한 인사청문 요청안을 오늘(14일) 국회로 보낼 것으로 알려졌습니다. 야당이 송곳 검증을 벼르고 있는 가운데, 이달 말 청문 정국에서 여야 간의 충돌은 또 불가피해 보입니다. 

 

노유진 기자입니다. 

 

<기자> 

 

조국 법무부 장관 후보자, 조성욱 공정거래위..",https://news.sbs.co.kr/news/endPage.do?news_id=N1005394739&plink=ORI,
08100201.20190814063745001,20190814,MBC,이동경,"인사청문요청안 오늘 송부 野 ""집중 검증""",사회>미디어,,,,,,"김현수,나경원,문재인,은성수,이정옥,조성욱,최기영,한상혁,후보자",,"MBC,공정거래위,과학기술부,과학기술정보통신부,국회,농림축산식품부,더불어민주당,문화관광부,방송통신위,방송통신위원회,법무부,여성가족부,자유한국당,한국당","인사청문요청,송부,집중,검증,앵커,문재인,대통령,장관급,후보자,7명,인사청문,요청안,국회,예정,보수,야당들,조국,법무부,장관,후보자,후보자,한상혁,방송통신위원장,전력,발언,집중,검증,예고,이동경,리포트,인사청문회,대상,장관급,후보자,7명,조국,법무부,장관,후보자,최기영,과학,정보,통신부,김현수,농림축산식품부,이정옥,여성가족부,장관,후보자,한상혁,방송통신위원장,은성수,금융위원장,후보자,조성욱,공정거래위원장,대상,국회,청문,요청안,접수일,15일,인사청문회,인사청문회,보수,야당들,조국,법무부,장관,후보자,전력,국가보안법,위반,후보자,한상혁,방송통신위원장,가짜,가짜,규제,발언,집중,검증,예고,나경원,자유한국당,원내대표,후보자,조국,장관,자리,후보자,지명철회,요구,말씀,오신환,바른미래당,원내대표,방송통신위원회,과학기술부,문화관광부,전문성,위원장,칼잡이,더불어민주당,한국당,색깔론,구태정치,엄호,조국,후보자,이인영,더불어민주당,원내대표,자유한국당,정상적,검증,몰이성,색깔론,주장,인사청문회,보이콧,걱정,인사청문회,준비,후보자,야당,제기,비판,인사청문회,충분히,MBC,이동","후보자,인사청문회,이동경,색깔론,방송통신위원장,7명,원내대표,한국당,더불어민주당,자유한국당,접수일,요청안,장관급,충분히,최기영,이정옥,조성욱,국가보안법,공정거래위원장,한상혁,전문성,문화관광부,통신부","◀ 앵커 ▶

문재인 대통령이 오늘 장관급 후보자 7명에 대한 인사청문 요청안을 국회에 보낼 예정입니다.

보수 야당들은 조국 법무부 장관 후보자와 한상혁 방송통신위원장 후보자의 전력과 발언을 문제 삼아 집중 검증할 것을 예고했습니다. 

이동경 기자입니다.

◀ 리포트 ▶

인사청문회 대상 장관급 후보자는 7명.

조국 법무부 장관 후보자를 비롯해 최..",http://imnews.imbc.com/replay/2019/nwtoday/article/5449089_24616.html,중복
01100701.20190814060653001,20190814,세계일보,현화영,"황교안 ""국가전복 꿈꾼 조국, 장관 부적격"" 박지원 ""黃, 김학의 때문에 곤란해질 것""",정치>국회_정당,,,,,,"윤,황,윤중천,김학,박영선,조,박,김학의,윤석열,이인영,검찰총장,황교안,후보자,박지원","고성,대한민국,강원","간담회,남한사회주의노동자동맹,검찰,더불어민주당,건설업,법제사법위원회,군사정권,YTN,청와대,원주,자유한국당,연합뉴스,여주지청,법무부","황교안,국가,전복,꿈꾼,조국,장관,부적격,박지원,김학의,곤란,황교안,사진,자유한국당,대표가,조국,법무부,장관,후보자,청와대,민정,수석,국가,전복,사람,처신,행동,부적격,연일,맹공,의원,박지원,무소속,조국,법무부,장관,김학의,사건,곤란,취지,발언,대표,자유한국당,최고,위원회,조국,후보자,법무부,장관,남한사회주의노동자동맹,사노맹,연루,사건,언급,사노맹,무장공비,달성,사회주의,혁명,폭발물,계획,무기,탈취,캡슐,자살,독극물,반국가,조직,대표,수석,일들,반성,세상,국가전복,조직,사람,법무부,장관,이야기,주장,의원,박지원,무소속,의원,사진,다음날,13일,노영희,YTN,라디오,출발,출연,대표,발언,조국,대표가,법무부,장관,김학의,사건,방어,이야기,판단,눈길,의원,김학의,사건,박영선,장관,2013년,법사위원,장관,질문,윤석열,검찰총장,청문회,질문,여주지청장,수사팀장,장관,법무부,언급,청문회,청문회,총장,황교안,황교안,법무부,장관,수사,곤란,답변,의원,야당,대표,후보자,장관,얘기,권한,황교안,본인,대비,조국,법무부,장관,후보자,조정,검경,수사권,공수처,신설,검찰,사법개혁,적임자,생각,김학의,법무부,차관,3월,강원,원주,별장,건설업자,윤중천,성접대,의혹,차관,임용,일주일,자리,박영선,중소기업,벤처부,장관,법제사법위원회,소속,국회의원,시절,장관,3월,법무부,대표,김학의,차관,성범죄,영상,얘기,주장,대표가,김학의,성범죄,영상,CD,법무부,차관,임명,취지,발언,논란,조국,법무부,장관,후보자,후보자,장관,이슈가,자격,검증,대표,고성,강원,간담회,산불,피해,지역,주민,법무부,장관,처신,행동,후보자,부적격,대표,이야기,판결문,판단,이해,가치,대한민국,헌법,법무부,장관,강조,더불어민주당,이인영,원내대표,인사청문회,후보자,공안,조서,작성,자리,대표,공안검사적,이분법,시각,반박,대표,국가전복,발언,색깔,공세,규정,총칼,집권,군사정권,세상,민주주의,열정,폄하,현화영,사진","법무부,김학의,후보자,황교안,국가전복,박지원,부적격,청문회,자유한국당,대표가,강원,독극물,사노맹,원주,박영선,건설업자,사회주의,현화영,수사권,대한민국","황교안(사진) 자유한국당 대표가 조국 법무부 장관 후보자(전 청와대 민정수석)를 두고 “국가 전복을 꿈꿨던 사람”, “처신과 행동이 부적격하다”는 등 연일 맹공을 퍼부은 가운데, 박지원 무소속 의원은 13일 “조국이 법무부 장관이 되면 ‘김학의 사건’ 때문에 곤란해질 것”이란 취지의 발언을 했다. 
 
 황 대표는 전날 열린 자유한국당 최고위원회에서 조..",http://www.segye.com/content/html/2019/08/13/20190813514040.html,
01100701.20190814060652001,20190814,세계일보,장혜진,‘사상 검증대’ 오른 조국 '사과원' 핵심 쟁점 부상,사회>미디어,,,,,,"정경심,한상혁,백태웅,나경원,황,조정식,김영수,문재인,이인영,황교안,오신환,김황식,후보자","고성 산불피해,서울,적선현대빌딩,사직로","서울형사지방법원,사노맹,방통위,국가정보원,하와이대,서울대,준비위원회,뉴시스,국가안전기획부,울산대,군사정권,노동자동맹,종로구,동양대,자유한국당,남한사회주의노동자연맹,강원도,연합뉴스,정책위의장,안기부,민주당,이명박정부,남한사회주의노동자동맹,더불어민주당,사과원,감사원,대법원,상임위,과학원,바른미래당,한겨레신문,방송통신위,법무부,남한사회주,한국당","사상,검증대,조국,사과원,부상,핵심,쟁점,조국,법무부,장관,후보자,인사청문회,준비,사무실,마련,서울,종로구,사직로,적선,현대,빌딩,출근,취재진,질문,뉴시스,조국,법무부,장관,후보자,지명,논란,색깔론,사상,검증,자유한국당,중심,보수,야당,후보,과거,남한사회주의노동자동맹,사노맹,사건,실형,선고,전력,지명,철회,요구,여당,더불어민주당,대표,한국당,황교안,공안,검사,이력,공안,검사,시각,색깔론,구태정치,반격,원내대표,민주당,이인영,13일,원내대책회의,원내,대책,회의,인사청문회,후보자,공안,조서,작성,자리,공안,검사,시각,한국당,사건,과거,사노맹,실형,선고,언급,국가,전복,조직,사람,법무부,장관,얘기,비판,겨냥,원내대표,총칼,집권,군사정권,세상,민주주의,열정,폄하,후보자,엄호,후보자,황교안,자유한국당,대표가,조국,법무부,장관,입장,동행,취재진,정책위의장,조정식,대표,충고,용공,조작,80년대,정치,목적,국가,공권력,피해자,빨갱이,공격,시대착오적,구태정치,퇴출,주장,강원도,고성,산불피해,현장,대표,한국당,황교안,이날,법무부,장관,헌법,신념,처신,행동,후보자,부적격,판단,조국,불가,피력,휴가,나경원,원내대표,이날,상임위,간사,연석회의,인사청문회,전략,논의,무능,정부,이념,장관들,무능,이념,정권,의지,표명,생각,가능성,청문회,보이콧,논의,후보자,이날,인사청문회,사무실,서울,적선현대빌딩,출근,야당,제기,인사청문회,충분히,한국당,바른미래당,7명,장관,장관급,후보자,후보자,후보자,한상혁,방송통신위원장,집중,타깃,지목,전선,확대,한국당,원내대표,후보자,집중,검증대상,강조,보수,야당,후보자,가짜,표현,자유로,보호,규제,방침,원내대표,바른미래당,오신환,청와대,가짜뉴스,규제,초점,지명,방통위,정치,중립성,독립성,훼손,제1차장,김영수,안기부,차장,정부종합청사,남한사회주,노동자동맹,수사결과,재소환,사과원,핵심,쟁점,부상,조국,법무부,장관,후보자,이념논란,계기,30년,재등장,남한사회주의노동자연맹,사노맹,남한사회주의과학원,사과원,사건,핵심,쟁점,조직,활동,후보자,이적성,여부,법원,수차례,이적단체,규정,사과원,활동,후보자,과거,국회,인사청문회,쟁점,전망,국가보안법,위반,혐의,기소,후보자,1심,판결,제23부,서울형사지방법원,후보자,이적단체,사과원,가입,주장,게재,표현물,제작,판매,지적,행위,국가보안법,위반,후보자,징역,2년,개월,자격정지,2년,개월,집행유예,3년,선고,재판장,훗날,대법관,감사원장,총리,이명박정부,시절,김황식,총리,13일,법원,판결문,재판부,사과원,반동,파쇼,정권,타도,민중권력,사회주의국가,건설,목적,사노맹,활동,동조,설립,조직,단순,사회주의,이론,학술,단체,반제,독점민중주,혁명,노동자,계급,주도,사회주의,국가,건설,주장,정치단체,평가,문재인,대통령,오른쪽,조국,법무부,장관,후보자,사노맹,출신,서울대,총학생회장,백태웅,하와이대,로스쿨,교수,중심,출범,조직,사회주의,노동자계급,건설,전위,전당,사회주의,제도로,사회,변혁,국가정보원,전신,국가안전기획부,사노맹,전국,노조,대학,조직원,사건,후보자,포함,300여명,관련자들,재판,상고심,대법원,판단,후보자,자신,사과원,가입,활동,헌법,보장,양심,사상,자유,주장,상고심,2부,대법원,2부,피고인,조국,사과원,민중권력,사회주의국가,건설,목적,설립,사노맹,활동,동조,목적,단체,사실,확인,가입,이적,표현물,제작,판매,후보자,징역,1년,판결,집행유예,2년,확정,대법원,사과원,설립목적,반제,독점민중민주주의혁명,노동자,계급,주도,사회주의,국가,건설,주장,정치,단체,기본질서,헌법상,민주,기본,질서,용납,지적,구속,28세,구속,후보자,전임강사,울산대,법대,전임,강사,후보자,부인,정경심,동양대,영문,교수,7월,한겨레신문,기명,칼럼,남편,7월,10월,권유,사노맹,가입,거절,준비위원회,출범식,참여,진보적,학술,연구자,저의,의심,주장","후보자,사노맹,사과원,인사청문회,원내대표,한국당,사회주의,황교안,대법원,청문회,집행유예,상고심,바른미래당,사무실,구태정치,취재진,가짜뉴스,헌법상,민주주의",조국 법무부 장관 후보자가 13일 인사청문회 준비 사무실이 마련된 서울 종로구 사직로 적선현대빌딩으로 출근하던 중 취재진의 질문에 답하고 있다. 뉴시스 조국 법무부 장관 후보자 지명을 둘러싼 논란이 색깔론 등 사상 검증으로 급속히 번지고 있다. 자유한국당을 중심으로 한 보수 야당은 조 후보가 과거 ‘남한사회주의노동자동맹(사노맹)’ 관련 사건으로 실형을 ..,http://www.segye.com/content/html/2019/08/13/20190813513832.html,
01100611.20190814051157001,20190814,서울신문,"이경주,손지은","“청문회, 공안조서 작성 자리 아냐” 與, 황교안 겨냥 조국 총력 방어",정치>정치일반,,,,,,"이종명,문재인,이인영,황,황교안,후보자,강원",적선현대빌딩,"군사정권,원광대,종로구,사노맹,자유한국당,남한사회주의노동자동맹,더불어민주당,남한사회주의과학원,법무부,울산대,대법원,한국당","청문회,자리,공안,조서,작성,방어,황교안,겨냥,조국,총력,후보,신념,처신,부적격,공세,조국,청문회,자유한국당,조국,법무부,장관,후보자,이념,공세,색깔론,논란,원내대표,더불어민주당,이인영,원내,대책,회의,상임위,간사단,연석회의,인사청문회,후보자,공안,조서,작성,자리,정상적,검증,몰이성,색깔론,주장,인사청문회,보이콧,비판,대표가,한국당,황교안,대표가,후보자,남한사회주의노동자동맹,사노맹,관련성,국가,전복,조직,사람,법무부,장관,얘기,비판,원내대표,대표,발언,색깔,공세,규정,총칼,집권,군사정권,민주주의,열정,폄하,한국당,장관,후보자,척결,좌익,용공,시각,공안,검사,이분법,비판,대표,강원,고성,산불피해,현장,방문,기자들,법무부,장관,헌법,신념,처신,행동,부적격,판단,후보자,비판,후보자,사무실,이날,인사청문회,종로구,적선현대빌딩,출근,취재진,연루,사노맹,사건,야당,비판,인사청문회,충분히,후보자,울산대,교수,재직,사노맹,산하,기구,남한사회주의과학원,설립,참여,혐의,6개월,구속수감,대법원,징역,1년,6개월,집행유예,1년,6개월,확정판결,사노맹,개혁,사회주의,체제,건설,노동자,정당,1980년대,결성,조직,의원,한국당,이종명,이날,토론회,이주천,원광대,교수,대한민국,역사,칼질,근현대사,결과,주사파,문재인,정치,괴물,주장","후보자,사노맹,한국당,인사청문회,6개월,색깔론,부적격,청문회,황교안,대한민국,법무부,이분법,원내대표,주사파,대법원,노동자,고성,정체성,이인영,사회주의,더불어민주당,이종명,충분히","黃 “조 후보, 신념 처신 부적격” 또 공세 
조국 “할 말 많지만 청문회서 답할 것”자유한국당이 조국 법무부 장관 후보자에 대해 이념 공세를 펴면서 ‘색깔론’ 논란이 일고 있다.
더불어민주당 이인영 원내대표는 13일 원내대책회의 상임위 간사단 연석회의에서 “조 후보자 인사청문회는 공안 조서를 작성하는 자리가 아니다”라며 “정상적인 검증 대신 몰이성적 ..",http://www.seoul.co.kr/news/newsView.php?id=20190814006015,
01101101.20190814050638001,20190814,한국일보,,"[단독] 경찰국가 걱정하던 조국, 4년 뒤 경찰청 발주 연구에선 檢 비판",사회>사건_사고,,,범죄>범죄일반>사기,,,"장신중,후보자",서울,"종로구,검찰,서울대,법무부,참여정부,경찰국,경찰청,검경수사권조정자문위원회,강릉경찰서","경찰,국가,걱정,조국,4년,경찰청,발주,비판,조정,검경,수사권,발주처,소신,법무부,장관,후보자,조국,민정수석,경찰청,발주,작성,조정,보고서,검경,수사권,조정,검찰,수사지휘권,오남용,지적,지휘권,제한,주장,4년,4년,경찰,수사권,통제,검찰,수사,종결,지휘권,유지,주장,상반,발주처,성격,입장,의심,제기,대목,후보자,조정,검경,수사권,학자,소신,표명,시작,교수,서울대,법대,재직,초반,참여정부,검경,수사,조정,드라이브,검찰,학계,학계,시민사회계,외부인사,주축,검경수사권,조정자문위원회,발족,형법,학자,후보자,자문위원,영입,후보자,활동,이듬해,자문위,활동,바탕,검찰,경찰,수사권,조정,원칙,방향,제목,서울대,법학,연구소,학술지,검사,수사종결권,지휘권,유지,강조,경찰,수사,독립,주장,비판,경찰,독립,수사권,자질,부족,권한,남용,가능성,후보자,인력,경찰,수사,자질,수준,작업,부족,수사,경찰,간부,부당,청탁,사건개입,방지,장치,마련,비리,경찰,내부,감찰,징계,노력,미흡,철저,경찰,내부,개혁,경찰,검사,수사지휘,완전,해방,수사,행사,경찰국가화,위험,수사권,독립,검경,중복조사,신속,수사,진행,경찰,주장,경찰,후보자,검찰,수사,종결,지휘권,순기능,조목조목,반박,정확,절차,법률,적용,실체,진실,발견,수사,불법,방지,증거,능력,증거,확보,공소,책임자,법률가,검사,개입,4년,수사국,경찰청,발주,작성,보고서,맥락,수사권,조정안,접근,태도,검경,체포,피의자,경찰서,유치장,구금,관할,검사,지시,거부,직무유기,혐의,기소,장신중,사건,강릉경찰서,경정,계기,일촉즉발,갈등,용역,후보자,사건,경정,계기,실태,검찰권,오남용,비판,보고서,보고서,경찰,입맛,표현,포함,후보자,지휘,검찰,수사,경찰,반발,사건,검찰권,남용,대표,사례,제시,후보자,인지수사실적,검사,고과평가,영향,현실,검사,수사지휘과정,경찰,자율적,선도적,수사,사건,정보,파악,검찰,수사,부서,실적,지적,보고서,검사,경찰서,유치장,감찰,고압,태도,수사경찰,사기,저하,현실,고발,4년,정확,법률,적용,발견,실체,진실,법률가,검사,개입,주장,경찰,수사,간부,의욕적,수사,지휘,검사,지휘,상충,수사,지위,의미,경찰,내부,지휘체계,무력화,2005년,보고서,중요,범죄,경찰,일차적,수사권,중요,범죄,제한,수사지휘권,허용,해법,제안,검경,수사,조정,정부안,후보자,경찰,1차,수사,종결,부여,검찰,수사,최소화,방안,지지,후보자,종로구,서울,마련,사무실,인사청문회,준비,출근,2005년,취지,취재진,질문,개인적,시대적,상황,법무부,관계자,보고서,후보자,개별,입장,피력","후보자,검경,수사권,보고서,오남용,서울대,법무부,검찰권,수사지휘권,경찰청,지휘권,학술지,이듬해,발주처,인사청문회,유치장,서울","‘검경 수사권 조정’ 발주처 따라 소신 달라져

차기 법무부 장관 후보자인 조국(54) 전 민정수석이 2009년 경찰청의 발주로 작성한 검경 수사권 조정 관련 보고서에서 검찰의 수사지휘권 오남용 문제를 지적하며 지휘권을 제한해야 한다고 주장한 것으로 나타났다. 이보다 앞서 4년 전 발표한 논문에서 경찰의 수사권 통제를 위해 검찰의 수사 종결권ㆍ지휘권을 ..",http://www.hankookilbo.com/news/npath/?did=KP,
01600301.20190814020036001,20190814,광주일보,,재소환된 30년전 ‘사노맹 사건’,사회>사회일반,,,,,,"백태웅,노태우,박노해,황교안,후보자",,"사노맹,자유한국당,남한사회주의노동자동맹,하와이대,서울대,법무부,공안검사 출신","재소환,30년,사노맹,사건,미스터,국가,보안법,공안,검사,출신,황교안,자유한국당,대표가,조국,후보자,법무부,장관,전력,국가보안법,위반,남한사회주의노동자동맹,사노맹,사건,주목,사노맹,노태우,대통령,시절,출신,서울대,총학생회장,백태웅,교수,하와이대,로스쿨,박노해,시인,중심,출범,조직,사회주의,노동자계급,건설,전위,전당,사회주의,변혁,4월,박노해,시인,검거,백태웅,중앙,상임,위원장,40여명,인물,구속,해체,경험,반영,후보자,국보법,폐지,목소리,반공,냉전,단세포,잣대,사용,진리,양심,재단,국가보안법,자체,야만,입장,황교안,대표가,사노맹,사건,후보자,적격성,정면,공격,사건,정치권,공방,인사청문회,전망,후보자,인사청문회,충분히,입장","후보자,국가보안법,백태웅,사노맹,황교안,사회주의,대표가,청문회,인사청문회,로스쿨,충분히,서울대,하와이대,박노해,총학생회장,법무부,40여명,위원장,노동자,재소환,보안법,노동자계급,노태우,국보법,적격성,정치권,남한사회주의노동자동맹,자유한국당","‘미스터 국가보안법’으로 불린 공안검사 출신 황교안 자유한국당 대표가 조국(54) 법무부 장관 후보자의 국가보안법 위반 전력을 문제 삼으면서 ‘남한사회주의노동자동맹(사노맹) 사건’이 주목받고 있다.
사노맹은 노태우 전 대통령 시절인 1989년 11월 서울대 총학생회장 출신인 백태웅 현(現) 하와이대 로스쿨 교수와 박노해 시인 등이 중심이 돼 출범한 조직..",http://www.kwangju.co.kr/news_view.php?aid=1565725800673934004,
01100201.20190814001108001,20190814,국민일보,,"박노해 백태웅 은수미, 그리고 조국 ‘사노맹 사건’ 뭐길래?",사회>사건_사고, 국제>중남미,,범죄>기업범죄>반독점범죄, 범죄>기업범죄>거래제한,,"김대중,백태웅,노태우,이인영,박노해,황교안,후보자",백태웅,"사노맹,명예회복,하와이대,서울대,국가안전기획부,울산대,최고위원회의,성남시,사회주의과학원,보상심의위원회,불공정,자유한국당,중앙위,국제,노동자당,안기부,정책위의장,민주당,남한사회주의노동자동맹,허위,더불어민주당,사과원,대법원,과학원,앰네스티,엠네스티,국무총리,법무부,남한사회주,한국정부,국제사면위원회,한국당","박노해,백태웅,은수미,조국,사노맹,사건,조국,법무부,장관,후보자,전력,국가보안법,위반,인사청문회,쟁점,후보자,연루,사노맹,사건,관심도,사노맹,사건,1990년,사건,좌파,혁명,조직,훗날,정보기관,고문,조작,사실,폭로,대표적,공안사건,관련자,전원,김대중,정부,시절,사면,복권,학계,정치권,활동,사노맹,결성,체포,재판,일들,남한사회주의노동자동맹,사노맹,노태우,대통령,집권,출신,서울대,총학생회장,백태웅,하와이대,로스쿨,교수,박노해,시인,출범,조직,사노맹,92년,노동자,중심,정당,건설,무장봉기,혁명,사회주의,국가,건설,결성,조직,4월,박노해,시인,검거,이듬해,백태웅,중앙,상임,위원장,40여명,인물들,구속,와해,박노해,시인,1심,9월,1심,무기징역,선고,2심,대법원,4월,대법원,무기징역,선고,백태웅,교수,1심,무기징역,선고,2심,징역,감형,국가,안기부,사노맹,전국,노조,대학,조직원,사건,기소,인원,300명,후보자,백태웅,교수,서울대,법대,1년,후배,울산대,교수,재직,사노맹,산하,기구,남한사회주의과학원,사과원,설립,참여,혐의,수사,후보자,혐의,6월,국가보안법,위반,구속,6개월,옥고,1심,재판,후보자,6개월,징역,2년,6개월,6개월,자격정지,2년,6개월,집행유예,3년,선고,6월,2심,재판,형량,징역,1년,집행유예,2년,사과원,설립,사노맹,지원,목적,변란,국가,목적,만큼,이적,단체,분류,판단,국가보안법,국가,변란,직접적,1차,목적,국가,반국가단체,활동,동조,목적,이적단체,분류,대법원,5월,후보자,징역,1년,판결,집행유예,2년,확정,대법원,후보자,반국가단체,사노맹,활동,동조,목적,사과원,가입,사노맹,건설,노동자당,남한,사회주의,성격,임무,제시,노동자계급,투쟁,촉구,수록,사상,제2호,제작,판매,사과원,단순,사회주의,이론,학술,연구단체,민중민주주의혁명,반제,반독점,민중,민주주의,혁명,주도,노동자,계급,사회주의국가,건설,주장,정치,단체,명시,후보자,6개월,수감,백태웅,교수,박노해,시인,김대중,정부,특별사면,8월,광복절,특별,사면,1일,3월,1일,사노맹,관련자,특별사면,복권,조치,2008년,국무총리,산하,민주화,운동,보상심의위원회,관련자,명예회복,보상,심의,위원회,백태웅,교수,박노해,시인,인사,민주화,운동,인정,사노맹,관여,은수미,성남시장,구속,6년,복역,출소,폭로,고문,조작,사노맹,관련자들,양심수,재판,진행,세계,국제,엠네스티,국제사면위원회,후보자,양심수,분류,국제,엠네스티,7월,연례,보고서,불공정,재판,가혹,행위,정치범,양심수,사노맹,관련자,포함,연례보고서,연례,보고서,양심수,포함,250여명,정치,수인,구금,표현,결사,자유,제한,국가보안법,기소,불공정,재판,구금,사노맹,정부,당국,반국가,조직,간주,단체,지지,가입,국가보안법,30명,체포,사노맹,양심수다,보고서,6월,국가보안법,공개적,비판,조국,교수,포함,9명,양심수인,사회주의과학원,소속,혐의,사노맹,연관,혐의,체포,국제,앰네스티,양심수,석방,고문,가혹,행위,중단,공정,조사,촉구,한국정부,정치,수인,구금,이용,국가보안법,법률,개정,장기수,사례,재조사,촉구,명시,앰네스티,실제,국제,지적,사노맹,사건,재판과정,공안당국,고문,조작,사실,논란,안기부,연행,인물들,며칠,며칠,상태,구타,고문,사노맹,가입,허위,진술,사람,백태웅,교수,공판,진행,취조,고문,3번,실신,폭로,은수미,성남시장,후유증,고문,소장,대장,수술,결핵,후두,한동안,국가,전복,사람,vs,용공,조작,정치권,후보자,이력,언급,공방,대표,황교안,자유한국당,최고,위원,회의,후보자,사노맹,사건,연루,언급,국가,전복,사람,법무부,장관,이야기,사노맹,무장공비,달성,사회주의,혁명,폭발물,계획,무기,탈취,캡슐,자살,독극물,반국가,조직,문재인,정부,개각,국민,도전,비판,수석대변인,홍익표,더불어민주당,후보자,인사검증,시작,한국당,시대,색깔론,제기,막무가내식,정치공세,총선,사노맹,중앙위원장,역임,교수,백태웅,하와이대,영입,한국당,후보자,사노맹,전력,자가당착,원내대표,이인영,민주당,한국당,정상적,검증,몰이성,색깔론,인사청문회,후보자,공안,조서,작성,자리,정책위의장,조정식,민주당,용공,조작,80년대,국가,공권력,피해자,빨갱이,공격,시대착오적,구태정치,퇴출,사노맹,사건,재판,공안,당국,고문,조작,사실,폭로,강조,논란,후보자,인사청문회,충분히,입장","사노맹,후보자,백태웅,국가보안법,사회주의,관련자,양심수,6개월,한국당,사과원,색깔론,대법원,민주당,1심,2심,노동자,서울대","조국 법무부 장관 후보자의 국가보안법 위반 전력이 인사청문회의 주요 쟁점으로 떠오르면서 조 후보자가 연루된 이른바 ‘사노맹 사건’에 대한 관심도 커지고 있다. 사노맹 사건은 1990년에 발표된 좌파 혁명조직 사건으로, 훗날 정보기관에 의한 고문 조작 사실이 폭로된 대표적인 공안사건이기도 하다. 관련자 전원은 김대중 정부 시절 사면 복권돼 상당수가 현재 ..",http://news.kmib.co.kr/article/view.asp?arcid=0013600389&code=61121111&cp=kd,
01100701.20190814000838002,20190814,세계일보,,[사설] 송곳 검증 결과 수용으로 인사청문 무용론 잠재우길,정치>외교, 정치>청와대, 사회>사회일반,,,,"문재인,이인영,황교안,후보자",다주택,"입법부,자유한국당,남한사회주의노동자동맹,방송통신위,더불어민주당,법무부,국회,박근혜정부","송곳,검증,결과,수용,우길,인사청문,무용,문재인,대통령,조국,법무부,장관,후보자,7명,장관,장관급,후보자,인사청문요청안,국회,발송,국회,2일,2일,청문,절차,후보자들,청문회,답변,자신,능력,도덕성,입증,청문회,하이라이트,검증,후보자,대표,황교안,자유한국당,국가,전복,조직,사람,법무부,장관,얘기,추궁,예고,남한사회주의노동자동맹,사건,남한사회주의노동자동맹,54억,부부,후보자,재산,형성,표절,의혹,검증,칼날,원내대표,이인영,더불어민주당,인사청문회,공안,조서,작성,자리,야당,칼날,여당,방패,모양새,가짜,표현,자유로,보호,후보자,한상혁,방송통신위원장,검증타깃,다주택,보유자,후보자들,야당,공세,예상,유의,후보자,검증,사실,입각,진행,의원들,송곳,질문,부적격자,근거,비방,정치공세,역풍,명심,무조건적,후보자,엄호,흠결,정치혐오,적폐,대통령,청문회,결과,수용,중요,대통령,장관,16명,장관급,후보자,청문보고서,임명,인사청문회,무용,불통정부,비판,박근혜정부,인사청문회,존재,의미,대통령,고위공직자,임명,입법부,견제,대통령,청문회,결과,법적,의무,결과,존중,견제,균형,민주주의,국민,선택,불통,인사,문재인정부,인사스타일,대통령,3권분립,원칙,강조,귓등,국민,문재인정부,공직,배제,원칙,역대,정부,병역,기피,세금,탈루,부동산,주식,투기,위장,전입,표절,5대,비리,음주운전,성범죄,7가지,제대로,적용,공직,배제,원칙,실천","후보자,청문회,인사청문회,남한사회주의노동자동맹,후보자들,인사청문,문재인정부,7가지,자유한국당,이인영,황교안,더불어민주당,한상혁,방송통신위원장,법무부,장관급,7명,부동산,정치공세","문재인 대통령이 조국 법무부 장관 후보자 등 7명의 장관 및 장관급 후보자에 대한 인사청문요청안을 오늘 국회에 발송한다. 국회는 다음 달 2일까지 청문 절차를 마칠 것으로 보인다. 후보자들은 청문회 답변을 통해 자신의 능력과 도덕성을 입증해야 한다. 
 
 이번 청문회의 하이라이트는 조 후보자 검증이다. 황교안 자유한국당 대표는 “국가 전복을 꿈꾸는 조..",http://www.segye.com/content/html/2019/08/13/20190813513636.html,
02100851.20190814000332001,20190814,아주경제,조현미,조국 “사노맹 사건 할말 많아 청문회서 답하겠다”,국제>국제일반,,,,,,후보자,"서울,사직로","종로구,사노맹,남한사회주의노동자동맹,자유한국당,남한사회주의과학원,법무부,울산대,국회,황교안,대법원","사건,조국,사노맹,청문회,조국,법무부,장관,후보자,남한사회주의노동자동맹,사노맹,논란,사건,연루,인사청문회,충분히,후보자,13일,9시,인사청문회,사무실,서울,종로구,사직로,적선,현대빌딩,출근,사노맹,개혁,사회주의,체제,건설,노동자,정당,1980년대,결성,조직,후보자,울산대,교수,사노맹,산하,기구,남한사회주의과학원,설립,참여,혐의,6개월,옥살이,대법원,징역,1년,집행유예,1년,개월,확정판결,대표,황교안,자유한국당,사노맹,거론,국가,전복,사람,법무부,장관,기용,후보자,장관,부적격,주장,후보자,사회관계망서비스,SNS,게시글,청문회,취재진,질문,인사청문회,후보자,신중,태도,국민,대표,기관,국회,도리,기본,개인적,의견,피력,문재인,정부,추진,방향,수사권,조정,2005년,검사,수사,종결,지휘권,유지,주장,개인,정부,수사권,조정안,2018년,장관,법무부,행정안전부,장관,합의문,주장,주체,시대,상황,후보자,이날,자신,차량,QM3,운전,텀블러,출근,조국,법무부,장관,후보자,13일,사무실,인사청문회,준비,마련,서울,종로구,사직로,적선,현대,빌딩,출근","후보자,사노맹,청문회,인사청문회,수사권,서울,법무부,6개월,대법원,사직로,노동자,황교안,사회주의,사무실,자유한국당,부적격,충분히,qm3,지휘권,확정판결",조국 법무부 장관 후보자(54)가 남한사회주의노동자동맹(사노맹) 사건 연루 논란에 대해 “할 말이 많지만 인사청문회에서 충분히 답하도록 하겠다”고 말했다.조 후보자는 13일 오전 9시 25분께 인사청문회 사무실이 있는 서울 종로구 사직로 적선현대빌딩에 출근하면서 이같이 말했다.사노맹은 사회주의 체제 개혁과 노동자 정당 건설을 목표로 1980년대 말 결성..,http://www.ajunews.com/view/20190813162149835,
01101101.20190813050531002,20190813,한국일보,,[이슈360˚] 조국 “할 말 많다”는 30년 전 ‘사노맹 사건’이란,국제>국제일반, 사회>사회일반,,범죄>범죄일반>폭행, 범죄>범죄일반>살인,,"은수미,백태웅,노태우,박노해,황,황교안,후보자","서울,적선현대빌딩,경기,대한민국,강원,고성군","간담회,안기부,노동자당,사노맹,남한사회주의노동자동맹,SBS,국가정보원,하와이대,서울대,국가안전기획부,울산대,대법원,성남시,과학원,앰네스티,민주통합당,종로구,보상심의위원회,자유한국당,법무부,남한사회주","조국,30년,사노맹,사건,야당,인사청문회,조국,법무부,장관,후보자,과거,전력,국가보안법,위반,겨냥,파상공세,남한사회주의노동자동맹,사노맹,사건,연루,반년,옥고,반년,후보자,법무행정,장관,자격,주장,후보자,사무실,인사청문회,적선현대빌딩,서울,종로구,출근,지적,인사청문회,충분히,인사청문회,충분히,사노맹,단체,구속,사노맹,사건,연루,6개월,조국,국가,국가정보원,전신,사노맹,노태우,대통령,시절,무장,봉기,혁명,사회주의,국가,건설,출범,전국,규모,조직,안기부,사노맹,조직원,3,500여,해방,최대,사건,지하,조직,묘사,정부,사노맹,사회주의,체제,건설,국가,단체,규정,박노해,백태웅씨,간부,검거,구속,사노맹,결국,해체,전임강사,울산대,법대,전임,강사,후보자,사건,사노맹,연루,체포,혐의,국가보안법,위반,기소,1,,대법원,징역,1년,집행유예,2년,확정,대법원,판결,후보자,확정,반국가단체,사노맹,활동,동조,목적,남한사회주의과학원,가입,사노맹,건설,남한사회주의노동자당,성격,임무,제시,노동자계급,투쟁,촉구,수록,사상,제2호,제작,판매,사노맹,사건,대학교수,구속,운동,후보자,석방,촉구,수감,앰네스티,인권,단체,국제,양심수,선정,후보자,6개월,수감,사노맹,활동,시집,노동,박노해,시인,출신,서울대,총학생회장,교수,백태웅,미국,하와이대,로스쿨,교수,SBS뉴스,9월,SBS,출연,사노맹,활동,80년대,젊은이들,개인,영달,사회,공공선,사회,약자,자신들,민주주의,요구,노동자의,권리,제기,사노맹,활동,부정,후회,자랑,생각,검거,사노맹,핵심,간부,은수미,국회의원,4월,민주통합당,비례대표,배지,지방,선거,경기,성남시장,당선,DJ,야당,DJ,부적격,공세,관련자들,사노맹,사건,관련자,시절,김대중,정부,1일자,3월,1일자,특별,복권,조치,시절,이명박,정부,2008년,민주화,운동관련자,명예회복,보상심의위원회,확립,민주,헌정질서,기여,박노해,백태웅,사노맹,핵심,간부,민주화,운동,관련자,인정,후보자,사상,그동안,특정,처벌,주장,국가보안법,폐지,2010년,조국,대한민국,내란,간첩,살인,예비,음모,폭력,방화,범죄,착수,처벌,범죄,행위,자신,사상,전파,단체,조직,행위,자체,처벌,목소리,야당,사노맹,사건,고리,후보자,공격,대표,황교안,자유한국당,고성군,강원,고성,속초,산불,피해지역,주민,간담회,종료,기자들,자리,법무부,장관,헌법,신념,처신,행동,대표,후보자가,부적격,판단,사노맹,판결문,판단,이해,부연,대표,최고,후보자,사노맹,실형,사노맹,이력,거론,세상,국가전복,조직,사람,법무부,장관,이야기,강조,후보자,사노맹,남한사회주의과학원,가입,활동,판결문,야당,주장,사노맹,사람,후보자,입장","사노맹,후보자,인사청문회,국가보안법,백태웅,박노해,사회주의,6개월,대법원,부적격,관련자,위원회,반년,법무부,충분히,판결문",야당이 조국 법무부 장관 후보자 인사청문회를 앞두고 과거 그의 국가보안법 위반 전력을 겨냥한 파상공세에 나섰다. 이른바 남한사회주의노동자동맹(사노맹) 사건에 연루돼 반년 동안 옥고를 치른 조 후보자에게는 법무행정을 다루는 장관 자격이 없다는 주장이다. 조 후보자는 13일 인사청문회 사무실이 꾸려진 서울 종로구 적선현대빌딩으로 출근하며 이 같은 지적에 대..,http://www.hankookilbo.com/news/npath/?did=KP,
01101101.20190813050342001,20190813,한국일보,,조국 구하기 나선 민주당 “인사청문회 공안조서 작성 자리 아니야”,정치>정치일반,,,,,,"조,조정식,이인영,황,황교안,후보자",,"군사정권,국제엠네스티,정책위의장,민주당,사노맹,자유한국당,남한사회주의노동자동맹,불공정,더불어민주당,법무부,한국당","조국,자리,민주당,인사,청문회,공안,조서,작성,더불어민주당,조국,조국,올인,야당,후보자,법무장관,적극,엄호,국가,전복,사람,법무부장관,대표,황교안,자유한국당,시각,공안,검사,역색깔론,원내대표,이인영,민주당,이날,국회,원내대책회의,상임위,간사단,연석회의,인사청문회,후보자,공안조서,작성,자리,자유한국당,정상적,인사검증,몰이성,색깔론,주장,인사청문회,보이콧,비판,원내대표,대표,황교안,한국당,겨냥,후보자,국가전복,사람,장관,색깔론,공세,총칼,집권,군사정권,민주주의,열정,폄하,공세,한국당,장관,후보자,척결,좌익용공,시각,공안,검사,이분법,지적,대표가,공안,검사,출신,비판,정책위의장,조정식,민주당,시비,대표가,남한사회주의노동자동맹,사노맹,사건,재판과정,공안당국,고문,조작사실,폭로,국제엠네스티,연례,보고,사노맹,관련자,불공정,재판,가혹행위,양심수,포함,국제엠네스티,후보자,양심수,선정,대표가,후보자,근거,마타도어,색깔선동,개탄,지적,정책위의장,사노맹,사건,시절,이명박,정부,민주,운동,관련자,정식,목적,정치,국가공권력,피해자,빨갱이,낙인,공격,시대착오적,구태정치,퇴출,주장","후보자,민주당,대표가,인사청문회,사노맹,색깔론,한국당,자유한국당,황교안,관련자,국제엠네스티,양심수,이분법,정책위의장,원내대표,공안조서,이명박,불공정,법무장관,이인영,조정식","더불어민주당이 ‘조국 구하기’에 나섰다. 조국 때리기에 올인하는 야당에 맞서 조 법무장관 후보자를 적극 엄호하면서다. “국가 전복을 꿈꿨던 사람이 법무부장관이 될 수 있나”고 말한 황교안 자유한국당 대표를 향해서는 “공안 검사적 시각”이라고 역색깔론을 펴기도 했다.
 이인영 민주당 원내대표는 이날 국회에서 열린 원내대책회의ㆍ상임위 간사단 연석회의에서 “..",http://www.hankookilbo.com/news/npath/?did=KP,
08100401.20190813221603001,20190813,YTN,김주영,"조국 인사청문회, '사노맹' 청문회 되나?",사회>미디어, 국제>유럽_EU,,범죄>범죄일반>폭행,,,"황교안,후보자",,"안기부,정책위의장,사노맹,남한사회주의노동자동맹,더불어민주당,울산대,대법원,과학원,국제엠네스티,서울고등법원,YTN,자유한국당,법무부,남한사회주,대한민국,한국당","조국,인사청문회,사노맹,청문회,이달,예상,조국,법무부,장관,후보자,인사청문회,후보자,과거,사노맹,전력,쟁점,국가보안법,위반,인사,야당,공세,색깔론,여당,반격,인사청문회,전초전,김주영,보도,조국,법무부,장관,후보자,인사청문회,정치권,남한사회주의노동자동맹,사노맹,사건,화두,후보자,울산대,강사,시절,사노맹,산하,남한,사회주의,과학원,활동,대법원,국가보안법,위반,유죄,확정판결,사실,법무부,장관직,논란,재판,서울고등법원,대법원,후보자,과학원,활동,자체,인정,국가,변란,목적,사노맹,반국가단체,판단,과학원,수준,이적단체,후보자,집행유예,가담,강령연구실장직,실질적,운영위원,활동,비합법적,방법,폭력,혁명,개혁,불가능,생각,후보자,과학원,활동,후회,감형,포함,과거,안기부,수사,결과,사노맹,무장봉기,자살,독극물,캡슐,제조,언급,판결문,등장,인권단체,국제엠네스티,후보자,양심수,선정,여당,더불어민주당,후보자,맹공,한국당,색깔론,공세,비판,조정식,더불어민주당,정책위의장,시비,황교안,대표가,사노맹,사건,재판,공안당국,고문,조작,사실,폭로,한국당,후보자,전력,장관,법무부,부적격,입장,황교안,자유한국당,대표,대한민국,헌법,가치,법무부,장관,판결문,판단,이해,후보자,조국,장관,인사청문회,사노맹,공방,핵심,쟁점,전망,후보자,대표적,국가보안법,폐지론자,만큼,인사,청문회,국보법,존치,논쟁,YTN,김주영,kimjy0810","후보자,사노맹,인사청문회,법무부,김주영,황교안,국가보안법,과학원,대법원,더불어민주당,판결문,한국당,청문회,독극물,불가능,국보법,색깔론,울산대,부적격,대표가,만큼","[앵커]
이달 말로 예상되는 조국 법무부 장관 후보자의 인사청문회를 앞두고 조 후보자의 과거 사노맹 관련 전력이 쟁점으로 떠오르고 있습니다.

국가보안법을 위반했던 부적절 인사라는 야당의 공세와 철 지난 색깔론이라는 여당의 반격이 이어지면서 인사청문회 전초전이 펼쳐지고 있습니다.

김주영 기자가 보도합니다.

[기자]
조국 법무부 장관 후보자의 인사청문..",https://www.ytn.co.kr/_ln/0101_201908132213110279,
08100401.20190813221403001,20190813,YTN,권남기,"조국 ""사노맹 사건, 할 말 많지만..."" 즉답은 피해",국제>국제일반,,,,,,"황교안,후보자",,"YTN,검찰,국회,남한사회주의노동자동맹,법무부,사노맹,앰네스티,자유한국당,페이스북","사건,조국,사노맹,즉답,피해,지명,법무부,장관,SNS,활동,자제,조국,후보자,13일,출근길,입장,사노맹,사건,연루,논란,청문회,충분히,권남기,조국,법무부,장관,후보자,사무실,인사청문회,준비,출근,야당,비판,집중,남한사회주의노동자동맹,사노맹,사건,즉답,조국,후보자,법무부,장관,인사청문회,충분히,인사청문회,충분히,대표,황교안,자유한국당,사노맹,사건,연루,혐의,국가보안법,위반,실형,선고,후보자,과거,거론,자격,법무부,장관,공세,황교안,자유한국당,대표,국가,전복,사람,법무부,장관,후보자,인사청문회,수감,수감,앰네스티,양심수,선정,고문,사실,사건,관계자,사면,복권,강조,후보자,정부,방향,검찰,개혁,검찰,수사,지휘권,종결권,유지,과거,자신,시대,변화,조국,후보자,법무부,장관,2005년,개인적,시대적,상황,후보자,지명,법무부,장관,페이스북,SNS,활동,자제,국회,기본,도리,불필요,야당,자극,YTN,권남기,kwonnk09","후보자,법무부,인사청문회,사노맹,충분히,권남기,황교안,청문회,불필요,국가보안법,양심수,앰네스티,sns,자유한국당,종결권,지휘권,출근길,관계자,ytn,남한사회주의노동자동맹,kwonnk09","[앵커]
법무부 장관 지명 이후 SNS 활동을 자제하는 등 말을 아끼던 조국 후보자가 오늘(13일) 출근길에서 간략한 입장을 밝혔는데요.

특히 사노맹 사건 연루 논란에 대해 할 말은 많지만, 청문회에서 충분히 답하겠다고 말했습니다.

권남기 기자입니다.

[기자]
조국 법무부 장관 후보자가 인사청문회 준비 사무실로 출근합니다.

야당의 비판이 집중된 ..",https://www.ytn.co.kr/_ln/0103_201908132211578247,
01100701.20190813192850001,20190813,세계일보,장혜진,"""이념 부적격"" vs ""색깔론"" '사상 검증대' 오른 조국",정치>정치일반,,,,,,"조,조정식,문재인,이인영,황,조경태,황교안,오신환,후보자","고성 산불피해,서울,사직로","정책위의장,민주당,사노맹,방통위,남한사회주의노동자동맹,더불어민주당,군사정권,바른미래당,종로구,자유한국당,방송통신위,강원도,연합뉴스,법무부,연합뉴스 조국,한국당","이념,부적격,vs,색깔,사상,검증대,조국,조국,법무부,장관,후보자,13일,사무실,인사청문회,준비,서울,종로구,사직로,적선,현대,빌딩,출근,취재진,질문,조국,법무부,장관,후보자,지명,논란,색깔론,사상검증,자유한국당,중심,보수,야권,후보,과거,남한사회주의노동자동맹,사노맹,사건,실형,선고,이력,지명,철회,요구,여당,더불어민주당,대표,한국당,황교안,공안,검사,이력,공안,검사,시각,색깔론,구태정치,반격,원내대표,민주당,이인영,이날,회의,이날,인사청문회,후보자,공안,조서,작성,자리,공안,검사,시각,한국당,과거,사노맹,사건,실형,선고,언급,국가,전복,조직,사람,법무부,장관,얘기,비판,겨냥,원내대표,총칼,집권,군사정권,세상,민주주의,열정,폄하,후보자,엄호,조정식,정책위의장,대표,충고,용공,조작,80년대,정치,목적,국가,공권력,피해자,빨갱이,공격,시대착오적,구태정치,퇴출,주장,후보자,황교안,자유한국당,대표가,조국,법무부,장관,입장,동행,취재진,현장,강원도,고성,산불피해,대표,한국당,황교안,이날,법무부,장관,헌법,신념,처신,행동,후보자,부적격,판단,조국,불가,피력,최고위원,한국당,조경태,라디오,방송,출연,2011년도,스스로,후보자,본인,청문회,통과,국가보안법,위반,위장전입,법무부,장관,국민,설득력,자격,문재인,대통령,오른쪽,조국,법무부,장관,후보자,일각,한국당,인사청문회,야당,반대,인사청문경과보고서,채택,문재인,대통령,임명,강행,예정,수순,청문회,자체,보이콧,방안,검토,목소리,보수야당,후보자,후보자,한상혁,방송통신위원장,8,공세,전선,확대,원내대표,바른미래당,오신환,원내대책회의,후보자,시대,4차,산업혁명,인터넷,통신,게임,광고,미디어,융합,식견,인물,의문,원내대표,후보자,가짜뉴스,표현,자유로,보호,발언,청와대,가짜뉴스,규제,초점,지명,방통위,정치,중립성,독립성,훼손","후보자,한국당,원내대표,인사청문회,황교안,법무부,부적격,색깔론,청문회,취재진,피해자,구태정치,가짜뉴스,사노맹,자유한국당,대표가,사직로,문재인,서울,산업혁명,중립성,고성,바른미래당,오신환,조경태",조국 법무부 장관 후보자가 13일 오전 인사청문회 준비 사무실이 있는 서울 종로구 사직로 적선현대빌딩으로 출근하며 취재진의 질문에 답하고 있다. 연합뉴스 조국 법무부 장관 후보자 지명을 둘러싼 논란이 색깔론 등 사상검증으로 급속히 번지고 있다. 자유한국당을 중심으로 한 보수 야권은 조 후보가 과거 ‘남한사회주의노동자동맹(사노맹)’ 관련 사건으로 실형을 ..,http://www.segye.com/content/html/2019/08/13/20190813511583.html,
01100701.20190813192850002,20190813,세계일보,김건호,30년 만에 재소환 된 ‘사과원’ 조국 ‘국보법 위반’ 살펴보니,사회>사회일반,,,,,,"정경심,김영수,백태웅,김황식,후보자","서울,사직로","서울형사지방법원,안기부,이명박정부,사노맹,국가정보원,사과원,하와이대,서울대,준비위원회,뉴시스,감사원,국가안전기획부,울산대,대법원,과학원,노동자동맹,종로구,한겨레신문,동양대,남한사회주의노동자연맹,연합뉴스,법무부,남한사회주","30년,재소환,사과원,조국,국보법,위반,조국,법무부,장관,후보자,인사청문회,준비,사무실,마련,서울,종로구,사직로,적선,현대,빌딩,출근,취재진,질문,후보자,뉴시스,조국,법무부,장관,이념논란,계기,30년,재등장,남한사회주의노동자연맹,사노맹,남한사회주의과학원,사과원,사건,핵심,쟁점,조직,활동,후보자,이적성,여부,법원,수차례,이적단체,규정,사과원,활동,후보자,과거,국회,인사청문회,쟁점,전망,국가보안법,위반,혐의,기소,후보자,1심,판결,제23부,서울형사지방법원,후보자,이적단체,사과원,가입,주장,게재,표현물,제작,판매,지적,행위,국가보안법,위반,후보자,징역,2년,개월,자격정지,2년,개월,집행유예,3년,선고,재판장,훗날,대법관,감사원장,총리,이명박정부,시절,김황식,총리,13일,법원,판결문,재판부,사과원,반동,파쇼,정권,타도,민중권력,사회주의국가,건설,목적,사노맹,활동,동조,설립,조직,단순,사회주의,이론,학술,단체,반제,독점민중주,혁명,노동자,계급,주도,사회주의,국가,건설,주장,정치단체,평가,제1차장,김영수,안기부,차장,정부종합청사,남한사회주,노동자동맹,수사결과,사노맹,출신,서울대,총학생회장,백태웅,하와이대,로스쿨,교수,중심,출범,조직,사회주의,노동자계급,건설,전위,전당,사회주의,제도로,사회,변혁,국가정보원,전신,국가안전기획부,사노맹,전국,노조,대학,조직원,사건,후보자,포함,300여명,관련자들,재판,상고심,대법원,판단,후보자,자신,사과원,가입,활동,헌법,보장,양심,사상,자유,주장,상고심,2부,대법원,2부,피고인,조국,사과원,민중권력,사회주의국가,건설,목적,설립,사노맹,활동,동조,목적,단체,사실,확인,가입,이적,표현물,제작,판매,후보자,징역,1년,판결,집행유예,2년,확정,대법원,사과원,설립목적,반제,독점민중민주주의혁명,노동자,계급,주도,사회주의,국가,건설,주장,정치,단체,기본질서,헌법상,민주,기본,질서,용납,지적,구속,28세,구속,후보자,전임강사,울산대,법대,전임,강사,후보자,부인,정경심,동양대,영문,교수,7월,한겨레신문,기명,칼럼,남편,7월,10월,권유,사노맹,가입,거절,준비위원회,출범식,참여,진보적,학술,연구자,저의,의심,주장","후보자,사과원,사노맹,사회주의,대법원,집행유예,인사청문회,상고심,헌법상,사무실,노동자계급,국가보안법,이적단체,사직로,서울,안기부,서울대,조직원,김영수,총학생회장",조국 법무부 장관 후보자가 13일 인사청문회 준비 사무실이 마련된 서울 종로구 사직로 적선현대빌딩으로 출근하던 중 취재진의 질문에 답하고 있다. 뉴시스 조국 법무부 장관 후보자를 둘러싼 이념논란을 계기로 30년 만에 재등장한 남한사회주의노동자연맹(사노맹)과 남한사회주의과학원(사과원) 사건의 핵심 쟁점은 이 조직 및 조 후보자 활동의 이적성 여부다. 법원..,http://www.segye.com/content/html/2019/08/13/20190813511611.html,
01500701.20190813192045001,20190813,부산일보,전창훈,청문회 시작도 안 했는데 ‘조국’ 검증 예고편부터 ‘후끈’,정치>정치일반,,,,,,"백태웅,이인영,황,황교안,후보자","고성 산불피해,미국,서울,한국,하와이주","민주당,사노맹,전날,더불어민주당,부산,국회,울산대,대법원,앰네스티,종로구,남한사회주의노동자연맹,자유한국당,남한사회주의과학원,강원도,연합뉴스,법무부,새누리당,한국당","청문회,시작,조국,검증,예고편,조국,법무부,장관,후보자,13일,사무실,서울,종로구,인사청문회,준비,출근,취재진,질문,여야,국회,인사청문회,후보자,조국,법무부장관,연일,충돌,후보자,야당,의혹,제기,맞대응,입장,청문회,정국,양상,조국,장관,후보,사노맹,전력,도마,한국,색깔,공세,자신감,조국,후보,논박,민주,한국,구태,이미지,부각,한국,논점,목소리,후보자,사무실,인사청문회,서울,종로구,적선현대,빌딩,출근,취재진,질문,인사청문회,말씀,취지,남한사회주의노동자연맹,사노맹,사건,자유한국당,황교안,대표가,국가,전복,사람,법무부,장관,기용,자신,사노맹,전력,부적격,요인,거론,제대로,반격,태세,후보자,울산대,교수,재직,사노맹,산하,기구,남한사회주의과학원,설립,참여,혐의,대법원,징역,1년,6개월,집행유예,1년,6개월,확정판결,국제,앰네스티,1994년,후보자,양심수,선정,후보자,정부,김대중,사면,복권,후보자,이날,야당,제기,의혹,사노맹,반응,논박,자신,원내대표,더불어민주당,이인영,이날,원내,대책,회의,대표,발언,한국당,정상적,검증,몰이성,색깔론,공안검사식,이분법,시각,비판,강원도,고성,산불피해,현장,대표,법무부,장관,헌법,신념,처신,행동,후보자,부적격,판단,반박,후보자,검증,전선,사상,확대,여야,반응,부산,민주당,의원,논문표절,재산,형성,후보자,제기,의혹들,검증,사안,대표,색깔론,한국당,구태,이미지,부각,후보자,청문회,입지,한국당,목소리,한국당,전신,새누리당,설립,총선,사노맹,주도,백태웅,미국,하와이주립대,교수,영입,사실,무리,공세,지적,한국당,관계자,폴리페서,진학,자녀,특목고,후보자,내로남불,전형,사상,공세,논점","후보자,사노맹,한국당,인사청문회,청문회,한국,색깔론,부적격,서울,법무부,사무실,6개월,대법원,황교안,강원도,김대중,백태웅,이인영,더불어민주당,특목고","조국 법무부 장관 후보자가 13일 오전 서울 종로구 인사청문회 준비 사무실로 출근하며 취재진의 질문에 답하고 있다. 연합뉴스



 여야가 국회 인사청문회가 열리기도 전에 조국 법무부장관 후보자를 놓고 연일 충돌하고 있다. 조 후보자도 13일 야당의 일부 의혹 제기에 대해 강하게 맞대응하겠다는 입장을 보여 청문회 정국이 한껏 달아오르는 양상이다. 
 
..",http://www.busan.com/view/busan/view.php?code=2019081319162576128,
01101001.20190813184836001,20190813,한겨레,신승근,[아침햇발] ‘사노맹 조국’과 공안검사 황교안 / 신승근,사회>사회일반, 정치>행정_자치,,범죄>범죄일반>폭행,,,"전,황,황교안,노회찬,후보자","서울,북한","사노맹,남한사회주의노동자동맹,민주공화국,검찰,국가정보원,울산대,대법원,대학원,전대협,서울고등법원,경기고,자유한국당,보상심의위원회,불공정,백두칭송위원회,남한사회주의과학원,국군기무사령부","사노맹,조국,공안,검사,황교안,신승근,세상,국가전복,조직,사람,법무장관,자리,이야기,대표,황교안,자유한국당,의문,국가,보안법,해설,미스터,보안법,대표,세상,가능,권위주의,정권,방식,저항,고뇌,주저,응원,사회,변혁,운동,적극,가담,전위조직,투신,노동,운동,구속,경기고,동기,동창,노회찬,의원,구치소,대표,납득,6월항쟁,노동자,대투쟁,전대협,남한사회주의노동자동맹,활동,민주주의,사회,국가,품격,경찰,보호,평화,촛불시위,대통령,하야,서울,한복판,김정은,북한,국무위원장,환영,백두칭송위원회,결성,문재인,탄핵,용공조작,검찰,경찰,국가정보원,국군기무사령부,공안통치,기관,인권유린,반성,반복적,수술대,세상,변화,무시,30년,활동,사면복권,공직,민주공화국,공무담임권,공무원선거권,국민표결권,국민,참정기본권,세상,가능,세상,후보자,조국,법무장관,반국가단체,사노맹,가입,국가전복,사실,구속기소,사노맹,주역,박노해,백태웅,검거,조직,사실상,와해,시점,울산대,교수,후보자,대학원생,사노맹,산하,조직,남한사회주의과학원,가입,재판,1심,반국가단체,가입,혐의,징역,2년,개월,집행유예,3년,선고,서울고등법원,6월,이적단체,가입,혐의,징역,1년,집행유예,1년,개월,형량,대법원,확정,가입,권한,백태웅,징역,박노해,무기징역형,확정,형량,판결문,6월,서울고등법원,형사부,적시,조국,사과원,운영위원,강령,연구실장,가입,3월,탈퇴,대학,강의,기타,연구활동,운영위원,활동,사회주의,정당,강령,작업,비밀,전위조직,활동,폭력,혁명,방법,사회개혁,가능,생각,양형,근거,대표가,판결,사노맹,무장봉기,달성,사회주의,혁명,폭발물,자살,독극물,반국가단체,사람,법무장관,검찰,공정,수사,비난,대법원,사과원,반국가단체,이적단체,규정,민주,운동관련자,명예회복,보상심의위원회,사노맹,확립,민주,헌정질서,기여,재평가,후보자,사면,복권,대표,사실,무시,조국,사노맹,반국가단체,사회주,혁명,검찰,수사,불공정,질주,전형,색깔,민정수석,법무장관,직행,검찰,수사,공정성,의심,폴리페서,비판,현실,참여,앙가,주망,실천,논리,후보자,비난,대목,30년,운동권,이력,근거,부적격자,고시공부,몰입,시국사건,공안검사,대표,손가락질,색깔론,나태,정치공세,세상,변화,대표,인식,지체,신승근,논설위원,skshin","사노맹,후보자,법무장관,반국가단체,황교안,사회주의,사과원,신승근,운영위원,대법원,색깔론,서울고등법원,박노해,백태웅,공안검사,보안법,이적단체,국가전복,공안통치,촛불시위,경기고,김정은,전위조직,독극물,연구활동","“아무리 세상이 변했다고 해도 국가전복을 꿈꾸는 조직에 몸담았던 사람이 법무장관 자리에 앉는 것이 도대체 말이 되는 이야기인가.” 황교안 자유한국당 대표의 의문에 “왜 안 되는데?”라고 되묻고 싶다. <국가보안법 해설>을 펴내고 ‘미스터 보안법’으로 불린 황 대표는 황당하겠지만, 세상이 변했기에 가능한 일이다.

 권위주의 정권에서 많은 이들이 다양한 ..",http://www.hani.co.kr/arti/opinion/column/905627.html,
01400201.20190813183900001,20190813,대전일보,金時憲,거세지는 '조국 공방',정치>국회_정당,,,,,,"윤소하,이인영,황,황교안,후보자","고성,강원,고성군","간담회,군사정권,정의당,민주당,사노맹,엠네스티,남한사회주의노동자동맹,의원총회,법무부,황교안,한국당","조국,공방,조국,법무부,장관,후보자,여야,공방,가열,여당,민주당,후보자,방어,한국당,색깔론,제기,공세,한국당,야당,후보자,지명,법무부,장관,국민,도전,지명철회,요구,지명철회,인사청문회,보이콧,목소리,대표,황교안,한국당,고성군,강원,희망,공감,국민,고성,속초,산불,피해지역,주민,간담회,종료,기자들,법무부,장관,헌법,신념,법무부,장관,처신,행동,후보자,부적격,비판,대표,최고,후보자,과거,남한사회주의노동자동맹,사노맹,사건,실형,선고,사람,국가,전복,조직,사람,법무부,장관,얘기,직격,민주당,황교안,한국당,대표가,연이틀,조국,법무부,장관,후보자,비판,공안,검사,시각,역공,원내대표,이인영,민주당,이날,원내,대책,회의,상임위,간사단,연석회의,지명자,조국,법무부장관,인사청문회,자리,공안조서,작성,자리,한국당,정상,검증,몰이성,색깔론,주장,인사청문회,보이콧,걱정,지적,원내대표,한국당,장관,후보자들,척결,좌익용공,공안,검사,시각,이분법,시각,총칼,집권,군사정권,세상,민주주의,열정,폄하,원내대표,윤소하,정의당,이날,의원,총회,조국,후보자,군사정권,시절,사노맹,사건,실형,선고,엠네스티,양심수,황교안,대표,조국,후보자,국가,전복,세력,인식,따름,비판,황교안,대표가,공안검사,국민,어려움,종합적,판단,대책,사고,마련,정치인,성장","후보자,한국당,황교안,민주당,법무부,인사청문회,원내대표,군사정권,색깔론,대표가,간담회,사노맹,강원,지명철회,윤소하,정의당,이인영,법무부장관,부적격",조국 법무부 장관 후보자를 둘러싼 여야의 공방이 식을 줄을 모르고 가열되고 있다. 여당인 민주당은 단순히 조 후보자를 방어하는데 그치지 않고 한국당이 색깔론을 제기하고 있다며 공세로 돌아섰다. 한국당 등 야당은 여전히 조 후보자의 법무부 장관 지명은 국민에 대한 도전이라며 지명철회를 요구하고 있다. 나아가 지명철회가 받아들여지지 않으면 인사청문회를 보이..,http://www.daejonilbo.com/news/newsitem.asp?pk_no=1382692,
01700201.20190813182011001,20190813,한라일보,연합뉴스 기자  hl@ihalla.com,한국당 '청문회 과녁'은 조국 한상혁,사회>사회일반,,,범죄>범죄일반>폭행,,,"한상혁,정양석,나경원,정용기,후보자,박성중",,"정책위의장,일본,방통위,남한사회주의노동자동맹,과학기술정보방송통신위원회,민주언론시민연합,서울대,국회,상임위원회,법제사법위원회,청와대,자유한국당,방송통신위,연합뉴스,법무부,황교안,한국당","과녁,한국당,청문회,조국,한상혁,자유한국당,8,인사청문회,조국,법무부,장관,후보자,한상혁,방송통신위원장,후보자,검증,당력,인사청문회,대상,7명,만큼,선택,집중,제1야당,인사검증력,배가,전략,나경원,원내대표,13일,국회,예정,긴급회의,비공개,개최,회의,정용기,정책위의장,정양석,원내수석부대표,인사청문회,인사청문회,상임위원회,간사,자리,원내대표,휴가,마련,청문회,전략,판단,긴급회의,소집,원내대표,회의,기자들,회의,후보자,지명,인사,부적격,인사,판단,조국,한상혁,후보자,집중,검증대상,실제,한국당,이날,회의,조국,한상혁,후보자,각종,의혹,쟁점,정보들,공유,한편,차원,한편,검증,전략,주력,참석자,통화,후보자들,문제점,일차적,자리,인사청문회,조국,후보자,개최,법제사법위원회,주축,대책,회의,한국당,후보자,재직,청와대,민정수석,재직,인사,검증,실패,논란,김태우,폭로,청와대,특별,감찰,반원,의혹,민간인,사찰,집중,부각,계획,후보자,과거,남한사회주의노동자동맹,사노맹,사건,연루,혐의,국가보안법,위반,옥살이,집중,포화,예정,황교안,대표,최고,후보자,이력,거론,국가,전복,조직,사람,법무장관,부적격,비판,한국당,배우자,54억,규모,재산,형성,배경은,서울대,휴직,복직,폴리페서,논란,SNS,정치,논란,백화점식,파상공세,후보자,방침,후보자,해명,표절,의혹,자녀,학교,폭력,연루,의혹,한국당,제대로,소명,사안들,도마,한국당,일본,국면,무역,보복,조치,후보자,죽창가,정제,발언,여론,후보자,판단,후보자,지명,철회,주장,배경,원내대표,후보자,경력,이력,법무부,장관,부적격,인사,확인,문재인,대통령,후보자,지명,철회,촉구,한국당,제2,타깃,지목,후보자,한상혁,방통위원장,가짜,규제,논란,소재,한국당,가짜뉴스,표현,범위,자유,보호,후보자,발언,방통위,정치,독립성,몰이해,비판,후보자,진보언론단체,민주언론시민연합,민언련,공동대표,이력,방통위원장,부적격,입장,소속,국회,과학,기술정보방송통신위원회,박성중,의원,정부,기관,가짜뉴스,자체,민언련,대표,사람,방통위원장,축구,경기,골키퍼,심판,비판,표절,의혹,자녀,이중,국적,논란,후보자,아킬레스건,한국당","후보자,한국당,인사청문회,원내대표,청와대,한상혁,부적격,청문회,방통위원장,가짜뉴스,민언련,긴급회의,7명,독립성,국가보안법","자유한국당은 8 9 개각에 따른 인사청문회에서 조국 법무부 장관 후보자와 한상혁 방송통신위원장 후보자 검증에 당력을 쏟아붓기로 했다.
 인사청문회 대상이 7명이나 되는 만큼 '선택과 집중'을 통해 제1야당으로서 인사검증력을 배가하려는 전략으로 읽힌다.
 나경원 원내대표는 13일 오후 국회에서 예정에 없던 긴급회의를 비공개로 개최했다. 회의에는 정용기 정..",http://www.ihalla.com/article.php?aid=1565687850637884346,
01500601.20190813181947001,20190813,매일신문,유광준,"여야, 조국 법무부 장관 후보 인사청문회 앞두고 사노맹 사건 실형 전력 공방",정치>정치일반,,,,,,"조정식,문재인,이인영,황,조경태,황교안,후보자",고성 산불피해,"정책위의장,민주당,사노맹,청와대,자유한국당,남한사회주의노동자동맹,더불어민주당,강원도,법무부,국회,최고위원회의,한국당","여야,인사청문회,조국,법무부,장관,후보,공방,사노맹,사건,실형,전력,지명,조국,법무부,장관,후보자,여야,공방,여야,13일,인사청문,정국,긴장감,여당,더불어민주당,자유한국당,색깔론,공세,일축,엄호,후보자,한국당,중심,보수,야권,후보자,지명,철회,요구,검증국면,전망,민주당,대표,한국당,황교안,공격,후보자,색깔론,구태정치,비판,이인영,원내대표,13일,회의,한국당,정상적,검증,몰이성,색깔론,인사청문회,후보자,공안,조서,작성,자리,지적,최고위원회의,황교안,한국당,대표가,최고,위원,회의,후보자,과거,남한사회주의노동자동맹,사노맹,사건,실형,선고,사람,국가,전복,조직,사람,법무부,장관,얘기,공세,겨냥,발언,원내대표,한국당,일각,제기,보이콧,조국,청문회,불씨,국회,냉각,준비,조정식,정책위의장,대표,충고,용공,조작,80년대,정치,목적,국가,공권력,피해자,빨갱이,공격,시대착오적,구태정치,퇴출,한국당,후보자,청문회,타깃,정조준,공세,강화,현장,강원도,고성,산불피해,황교안,대표,기자들,자신,사노맹,발언,사노맹,법무부,장관,헌법,신념,처신,행동,부적격,판단,조경태,최고위원,이날,라디오,출연,2011년도,스스로,후보자,본인,청문회,통과,국가보안법,위반,위장전입,법무부,장관,국민,설득력,자격,문재인,대통령,지명철회,요구,한국당,후보자,인사청문회,재직,논란,청와대,민정수석,재직,인사검증,실패,사회관계망서비스,SNS,반일,여론,자극,논란,표절,의혹,집중적,예정,한국당,일각,야당,반대,채택,인사청문,경과보고서,대통령,임명,강행,예정,수순,인식,청문회,자체,보이콧,의견","후보자,한국당,청문회,사노맹,색깔론,인사청문,황교안,법무부,인사청문회,구태정치,피해자,원내대표,부적격,산불피해,경과보고서,강원도,대표가,청와대","조국 법무부 장관 후보자 지명을 둘러싼 여야 간 공방이 13일에도 이어지면서 인사청문 정국의 긴장감이 높아지고 있다. 
 
 여당인 더불어민주당은 자유한국당의 색깔론 공세를 일축하며 조 후보자 엄호에 나섰지만 한국당을 중심으로 한 보수 야권은 조 후보자 지명 철회를 요구하고 있어 검증국면은 더욱 격렬해질 전망이다. 
 
 민주당은 한국당 황교안 대표의 ..",https://news.imaeil.com/Politics/2019081317002948051,
01100701.20190813175038001,20190813,세계일보,김경호,"'조국 난타전 청문회' 與野충돌 예고 나경원 ""있어선 안 될 인사""",정치>행정_자치,,,,,,"조정식,은성수,한상혁,나경원,이인영,황,박대출,황교안,오신환,김현수,후보자","고성 산불피해,서울,여의도,사직로,다주택","정책위의장,민주당,방통위,서울,남한사회주의노동자동맹,더불어민주당,민주언론시민연합,정치개혁특별위원회,국회,뉴시스,바른미래당,법사위,종로구,청와대,자유한국당,방송통신위,강원도,연합뉴스,농림축산식품부,법무부,KBS,한국당","청문회,조국,난타전,與野,충돌,예고,나경원,인사,조국,법무부,장관,후보자,12일,사무실,인사청문회,준비,마련,서울,종로구,사직로,적선,현대,빌딩,출근,지명,조국,법무부,장관,후보자,여야,대립,13일,인사청문,정국,긴장감,고조,여당,더불어민주당,야권,일각,색깔론,공세,비판,엄호,후보자,자유한국당,중심,보수,야권,후보자,지명,철회,요구,한국당,바른미래당,후보자,한상혁,방송통신위원장,중립성,정치,편향,송곳,검증,예고,여야,대치,전선,확장,양상,8,7명,장관,장관급,후보자,인사청문회,예정,후보자,조국,한상혁,후보자,검증,여야,강대강,충돌,전망,민주당,대표,한국당,황교안,공격,후보자,색깔론,구태정치,비판,대표,최고,후보자,과거,남한사회주의노동자동맹,사노맹,사건,실형,선고,사람,국가,전복,조직,사람,법무부,장관,얘기,이인영,원내대표,이날,회의,이날,한국당,정상적,검증,몰이성,색깔론,인사청문회,후보자,공안,조서,작성,자리,원내대표,한국당,일각,제기,보이콧,조국,청문회,불씨,국회,냉각,준비,조정식,정책위의장,대표,충고,용공,조작,80년대,정치,목적,국가,공권력,피해자,빨갱이,공격,시대착오적,구태정치,퇴출,강조,정춘숙,원내대변인,논평,사법개혁,국민,열망,부응,문재인,정부,사법개혁,완성,인사,후보자,인사검증,후보자,맹목적,반대,마타도어,흑색선전,비판,한국당,후보자,타깃,청문회,제1,정조준,공세,강화,한국당,재직,논란,청와대,민정수석,재직,인사검증,실패,사회관계망서비스,SNS,반일,여론,자극,논란,표절,의혹,집중적,청문회,후보자,중심,공격,전망,현장,강원도,고성,산불피해,황교안,대표,법무부,장관,헌법,신념,처신,행동,부적격,판단,한국당,한상혁,후보자,가짜,표현,자유로,보호,규제,방침,한국당,일각,한상혁,불가,저지,한국당,언론,장악,분리징수특위,KBS,수신료,분리,징수,특위,위원장,박대출,의원,입장문,가짜뉴스,빌미,비판언론,재갈,방송,저승사자,불가,바른미래당,후보자,정밀,검증,예고,서울,여의도,국회,바른미래당,원내,대책,회의,오신환,원내대표,발언,뉴시스,오신환,원내대표,원내대책회의,청와대,가짜뉴스,규제,초점,후보자,지명,방통위,정치,중립성,독립성,훼손,강조,한국당,바른미래당,야당,보수,성향,진보,성향,민주언론시민연합,공동대표,활동,후보자,정치,편향,여부,김현수,농림축산식품부,장관,후보자,후보자,은성수,금융위원장,정부,정책,기조,배치,다주택,보유자,검증,야당,공세,예상,나경원,조국,인사,원내대표,나경원,자유한국당,이달,예고,인사청문회,무능,정부,이념,장관들,정권,무능,이념,의지,표명,조국,법무부,장관,후보자,후보자,한상혁,방송통신위원장,대상,집중,검증,원내대표,이날,국회,마련,인사청문회,대책,비공개,연석회의,기자들,원내대표,자유한국당,나경원,13일,원내대표실,서울,여의도,국회,자유한국당,원내,대표실,인사청문회,대책,회의,발언,뉴시스,인사청문회,요청서,실질적,지명,인사,부적격,인사,판단,지적,원내대표,전체적,인사,이념,인사,무능,정부,이념,장관들,정권,무능,이념,의지,표명,조국,후보자,한상혁,후보자,대상,집중,검증,조국,내정자,장관,법무부,자리,법치,수호,확립,자리,실질적,경력,이력,법무부,장관,부적격,인사,확인,추후,법사위,중심,대책회의,강조,여부,조국,후보자,인사청문회,보이콧,자리,후보자,지명,철회,보이콧,여부,논의,정치,개혁,특별,위원회,1소,위원장,선임,패스트,트랙,자체,무효,정상화,절차,정개특위,사개특위,위원장,소위원장,정리,입장,재확인,더불어민주당,정부,내년도,예산안,확장,기조,유지,공감대,형성,확대재정,부정,입장,예산,사용,예산,편성,추후,검토","후보자,한국당,인사청문회,원내대표,자유한국당,청문회,한상혁,바른미래당,서울,색깔론,법무부,나경원,위원장,가짜뉴스,청와대","조국 법무부 장관 후보자가 지난 12일 오전 인사청문회 준비 사무실이 마련된 서울 종로구 사직로 적선현대빌딩으로 출근하고 있다. 연합뉴스 
 조국 법무부 장관 후보자 지명을 둘러싼 여야 간 첨예한 대립이 13일에도 이어지며 인사청문 정국을 앞두고 긴장감이 고조되고 있다. 
 
 여당인 더불어민주당은 야권 일각의 색깔론 공세를 강력히 비판하며 조 후보자 ..",http://www.segye.com/content/html/2019/08/13/20190813511823.html,
01100801.20190813172027001,20190813,조선일보,"박현익 기자
박현익 기자  백윤미 기자","사노맹 판결문보니...""조국 가담한 '사과원'은 사회주의 국가 건설 노린 이적단체""",사회>사회일반,,,,,,"황교안,후보자",남한,"조선일보,최선생,사노맹,남한사회주의노동자동맹,사과원,울산대,자유민주,대법원,남한사회과학원,동양대,남한사회주의노동자연맹,자유한국당,진군","사노맹,판결문,조국,가담,사과원,건설,사회주의,국가,이적단체,사노맹,사건,가담,논란,후보자,판결문,사노맹,반국가단체,산하,사과원,이적단체,조국,가입,사회주의,국가,건설,동조,과거,남편,사노맹,과거,기고,칼럼,등장,후보자,조국,법무장관,남한사회주의노동자연맹,사노맹,사건,가담,사실,논란,황교안,자유한국당,대표가,국가,전복,顚覆,사람,법무장관,사노맹,무장봉기,달성,사회주의,혁명,폭발물,계획,무기,탈취,캡슐,자살,독극물,반국가,조직,비판,후보자,노맹,인사청문회,충분히,인사청문회,충분히,이날,후보자,이날,부인,정경심,동양대,교수,남편,사노맹,가입,학술적,도움,주장,1993년,칼럼,언론,등장,후보자,울산대,교수,시절,사노맹,사건,6월,사노맹,가담,혐의,국가보안법,위반,기소,대법원,징역,1년,집행유예,2년,확정,후보자,사노맹,사건,사노맹,얼마,가담,판결문,조선일보,디지털,편집국,입수,후보자,항소심,국가보안법,위반,상고심,사건,판결문,후보자,1990년,1993년,사노맹,이론적,토대,마련,연구단체,남한사회과학원,사과원,가입,이적,표현물,제작,판매,행위,가담,사실,인정,최선생,선생,정성민,가명,假名,활동,사과원,재판부,단순,사회주의,이론,학술,연구단체,반제,반독점민중민주주의혁명,노동자,계급,주도,사회주의,국가,건설,주장,정치,단체,국가보안법상,이적,단체,후보자,사노맹,핵심,인사들,사과원,설립,동참,차례,권유,정식가입,곤란,거절,사과원,기관지,편집,사과원,운영위원회,참석,기관지,사상,창간호,발행,참여,2000부,그해,제작,판매,사상,창간호,가혹,탄압,진군,진군,남한,노동자,계급,노동해방,혁명진영,투쟁론,자본가계급,적대의식,투쟁력,개방주의,세력,도전,봉쇄,노동해방,혁명,노동자계급,결합,유력,무기,부정,현실,혁명,노동,해방,가치,대중화,남한,사회주의자,첫재,노동해방,주의,권력,수호,강화,상태,존재,투쟁,대중,구체,조건,결합,대중들,노동,해방,주의,기치,전파,노동해방,혁명진영간,공동사업,지역,전국,단위,전면적,확대,국가보안법,사회안전법,혁명,노동,해방,사상,전파,활동,자유,제반,악법,철폐투쟁,조직화,후보자,그해,7월,사과원,운영,위원,강령연구실장,운영위원,강령,연구실장,제의,승낙,사과원,운영,회의,참석,사상,창간호,평가,발간,2호,발간,논의,재판부,판결문,국가,존립,안전,자유,민주,기본,질서,반국가단체,남한사회주의노동자동맹,활동,동조,목적,구성,남한사회과학원,가입,사회주,노동자,정당,반미,민족해방,반파쇼,민주주,혁명,사회주의,이행,자신,전략,정당,남한,사회,혁명,무장봉기,승리,기약,후보자,본격적,참여,사상,제2호,2000부,이듬해,1월,2월,제작,정당,사회주의,노동자,임무,노동자계급,의식화,노동자계급,조직화,노동자계급,동맹세력,획득,혁명적,정치투쟁,지도,진영,국제,사회주의,연대,제시,건설운동,제1단계,정파간,신뢰,형성,공동사업,구축기,92년,92년,상반기,제2단계,구축,정파간,연계,체계,공동투쟁,92년,상반기,92년,제3단계,기관,창설,공동실천,전면화,92년,중반기,제4단계,건설,준비,기관,건설,93년,중반기,93년,제5단계,정당,사회주의,노동자,결성,계획,1994년,정당,사회주의,노동자,건설,재판부,대법원,후보자,검찰,상고,기각,원심,확정,재판부,피고인,조국,건설,사회주의,국가,목적,사노맹,활동,동조,이적단체,사과원,가입,설립목적,주장,표현물,제작,판매,행위,헌법,보장,양심,사상,자유,표현,자유,결사,자유,범위,판시","후보자,사회주의,사노맹,사과원,노동자,노동해방,판결문,재판부,국가보안법,그해,남한,정파간,노동자계급,진영,대법원,법무장관,이적단체,독극물,인사청문회,창간호","‘사노맹 사건’ 가담 논란... 曺 후보자 당시 판결문 보니 
法 ""‘사노맹’은 반국가단체, 산하 ‘사과원’은 이적단체"" 
""조국, 알면서도 가입해 사회주의 국가 건설 동조했다"" 
""남편 사노맹 아니다""...과거 부인 기고한 칼럼도 등장 
 
조국 법무장관 후보자가 남한사회주의노동자연맹(사노맹) 관련 사건에 가담한 사실을 두고 논란이 뜨겁다. 지난 12..",http://news.chosun.com/site/data/html_dir/2019/08/13/2019081302181.html?utm_source=bigkinds&utm_medium=original&utm_campaign=news,
01100611.20190813171747001,20190813,서울신문,신진호,"나경원 “조국 등 청와대 개각, 무능 이념 정권 가겠다는 의지”",정치>행정_자치, 정치>국회_정당,,,,,"한상혁,나경원,후보자",조국,"민주당,청와대,방통위,자유한국당,방송통신위,정치개혁특별위원회,사법개혁특별위원회,국회,법무부,한국당","나경원,조국,청와대,개각,무능,이념,정권,의지,조국,법무,한상혁,방통위원장,후보,집중검증,정개특위,무효화,선거법,패스트트랙,무효,원내대표,나경원,자유한국당,청와대,개각,무능,이념,정권,의지,규정,나경원,원내대표,국회,기자들,지명,인사들,부적격,인사,판단,후보자,조국,법무부,장관,후보자,한상혁,방송통신위원장,집중적,검증,대상,나경원,원내대표,이념,인사,무능,정부,이념,장관들,무능,이념정권,의지,표명,생각,비판,조국,후보자,법무부,장관,법치,수호,확립,자리,경력,이력,법무부,장관,인사,지명,철회,요구,설명,가능성,청문회,보이콧,지명,철회,요구,여부,청문회,보이콧,논의,정치개혁특별위원회,선거법,패스트트랙,자체,무효화,정개특위,정상화,절차,정개특위,사법개혁특별위원회,위원장,민주당,한국당,소위원장,정리,민주당,한국당,선거,개혁,정개특위,위원장직,충돌,민주당,위원장,한국당,한국당,위원회,자체,무력화,개혁안,좌초,위원장,고수,입장,한국당,민주당,정개특위,위원장,만큼,한국당,위원장,나경원,원내대표,당정,논의,내년,예산안,확대,재정,부정적,입장,예산,편성,추후,검토","정개특위,위원장,한국당,나경원,청문회,한상혁,원내대표,법무부,민주당,후보자,위원회,선거법,무효화,패스트트랙,방송통신위원장,청와대,소위원장,자유한국당,장관들,예산안,개혁안,집중검증,위원장직,사법개혁특별위원회,정치개혁특별위원회","“조국 법무 한상혁 방통위원장 후보, 집중검증” 
“정개특위서 선거법 패스트트랙 무효화해야”
나경원 자유한국당 원내대표가 최근 청와대의 개각에 대해 “무능 이념 정권으로 가겠다는 의지”라고 규정했다.
나경원 원내대표는 13일 국회에서 기자들을 만나 “지금 지명된 인사들 중 부적격 인사가 많다는 게 우리 당의 판단”이라면서 “특히 문제가 되는 건 조국 법..",http://www.seoul.co.kr/news/newsView.php?id=20190813500168,
01100801.20190813171311001,20190813,조선일보,김민우 기자,"나경원, 조국 한상혁 집중 검증 예고⋯""조국은 지명 철회해야""",국제>국제일반, 사회>사회일반,,,,,"한상혁,나경원,후보자",,"자유한국당,방송통신위,법무부,상임위","나경원,조국,한상혁,예고,집중,검증,조국,지명,철회,원내대표,자유한국당,나경원,9,인사청문회,개각,후보자,후보자,조국,법무부,장관,후보자,한상혁,방송통신위원장,대상,집중,검증,원내대표,이날,원내대표단,이날,원내,대표단,인사청문,연석회의,상임위원,기자들,지명,인사들,인사들,부적격,인사,판단,원내대표,이념,인사,무능,정부,이념,장관들,무능,이념정권,의지,표명,생각,조국,후보자,법무부,장관,법치,수호,확립,자리,그동안,경력,이력,법무부,장관,인사,지명,철회,요구,원내대표,가능성,청문회,보이콧,지명,철회,요구,여부,청문회,보이콧,논의,원내대표,휴가,이날,원내대표단,이날,원내,대표단,인사청문,연석회의,상임위원,참석,원내대표,내년,예산안,확대재정,부정적,입장,예산,편성,추후,검토","원내대표,후보자,청문회,한상혁,상임위원,인사들,나경원,법무부,장관들,부적격,자유한국당,방송통신위원장,그동안,확대재정,예산안,대표단,연석회의,원내대표단,인사청문,이념정권,기자들,인사청문회,가능성,인사,조국,지명,이날","자유한국당 나경원 원내대표가 13일 8 9 개각 후보자 인사청문회와 관련, ""문제가 되는 건 조국 법무부 장관 후보자와 한상혁 방송통신위원장 후보자다. 이번에 집중 검증 대상으로 들여다보고 있다""고 말했다. 나 원내대표는 이날 당 원내대표단 인사청문 관련 상임위원 연석회의 후 기자들과 만나 ""지금 지명된 인사들 가운데 부적격 인사가 많다는 게 우리의 판..",http://news.chosun.com/site/data/html_dir/2019/08/13/2019081302172.html?utm_source=bigkinds&utm_medium=original&utm_campaign=news,
02100801.20190813165344001,20190813,아시아경제,강나훔,"나경원, 휴가중에도 인청 전략 논의 ""부적격 개각 인사 너무 많아""",정치>행정_자치,,,,,,"한상혁,나경원,후보자",,"한국당이,방통위,당정청 회의,자유한국당,정치개혁특별위원회,사법개혁특별위원회,추후,국회,법무부,상임위,법제사법위원회","나경원,휴가중,논의,인청,전략,부적격,개각,인사,원내대표,나경원,자유한국당,휴가,국회,조국,법무부,장관,후보자,내각,후보자들,인사청문,전략,논의,원내대표,이날,국회,인사청문,인사청문,상임위,간사,위원,연석회의,기자들,장관,지명,인사들,부적격,인사,판단,정부,이념,장관,무능,이념,정권,의지,표명,생각,원내대표,조국,후보자,후보자,한상혁,방통위원장,집중,검증대상,후보자,법무부,장관,법치,수호,확립,자리,후보자,그동안,이력,경력,장관,인사,중심,추후,법제사법위원회,대책회의,진행,원내대표,일각,제기,청문,보이콧,가능성,보이콧,여부,논의,자리에,후보자,지명,철회,요구,설명,정치개혁특별위원회,1소위,위원장직,여야,갈등,패스트,트랙,지정,법안,자체,무효화,정상화,절차,한국당,사법개혁특별위원회,위원장,정리,주장,당정청,회의,방침,확대,재정,확대,재정,부정적,예산,편성,추후,검토","후보자,원내대표,인사청문,부적격,나경원,위원회,법제사법위원회,방통위원장,휴가중,상임위,자유한국당,인청,법무부,한국당,정상화,사법개혁특별위원회,정치개혁특별위원회,당정청,위원장직,위원장,1소위,무효화","[아시아경제 강나훔 기자] 나경원 자유한국당 원내대표가 13일 휴가중에도 국회로 나와 조국 법무부 장관 후보자 등 내각 후보자들에 대한 인사청문 전략을 논의했다.나 원내대표는 이날 국회에서 인사청문 관련 상임위 간사 위원 연석회의를 가진 뒤 기자들과 만나 ""(장관으로) 지명된 인사들 중 부적격 인사가 많다는 게 우리의 판단""이라며 ""정부가 이념형 장관을..",http:www.asiae.co.kr/article/2019081316481295227,
02100851.20190813164824001,20190813,아주경제,신승훈,​나경원 “조국 한상혁 부적격...지명 철회 요구”,정치>행정_자치,,,,,,"문재인,한상혁,나경원,후보자",서울,"민주당,자유한국당,방송통신위,정치개혁특별위원회,연합뉴스,법무부,국회,상임위,한국당","나경원,조국,한상혁,부적격,지명,철회,요구,원내대표,나경원,자유한국당,정부,문재인,2기,개각,후보자들,인사청문회,후보자,조국,법무부,장관,후보자,한상혁,방송통신위원장,집중적,검증,대상,원내대표,이날,국회,기자들,자리,지명,인사들,인사들,부적격,인사,판단,이념,인사,무능,정부,이념,장관들,무능,이념,정권,의지,표명,생각,조국,후보자,법무부,장관,법치,수호,확립,자리,그동안,경력,이력,법무부,장관,인사,지명,철회,요구,보이콧,여부,논의,공전,정치개혁특별위원회,원내대표,선거법,패스트트랙,자체,무효화,정개특위,정상화,절차,위원장,민주당,한국당,소위원장,정리,강조,휴가중,국회,나경원,서울,김주형,휴가중,원내대표,자유한국당,나경원,13일,국회,인사청문회,인사청문회,상임위,간사단,위원,회의,주재,회의실","나경원,원내대표,인사청문회,부적격,법무부,후보자,한상혁,휴가중,자유한국당,인사들,소위원장,간사단,김주형,상임위,문재인,방송통신위원장,장관들,정상화,정개특위,정치개혁특별위원회,무효화,위원장,민주당,패스트트랙,한국당,그동안,2기,선거법,위원회",나경원 자유한국당 원내대표는 13일 문재인 정부의 ‘2기 개각’ 후보자들의 인사청문회와 관련 “문제가 되는 건 조국 법무부 장관 후보자와 한상혁 방송통신위원장 후보자”라며 “이번에 집중적인 검증 대상으로 들여다보고 있다”고 말했다.나 원내대표는 이날 국회에서 기자들을 만난 자리에서 “지금 지명된 인사들 가운데 부적격 인사가 많다는 게 우리의 판단”이라며..,http://www.ajunews.com/view/20190813164534868,
02100201.20190813164639001,20190813,머니투데이,김민우 |기자,"휴가 중 국회 달려온 나경원 ""조국 안돼 지명철회 요청""",정치>외교, 정치>청와대, 사회>사회일반,,,,"한상혁,나경원,후보자","서울,조국,여의도","서울,자유한국당,방송통신위,뉴시스,법무부,국회,상임위,한국당","휴가,국회,나경원,조국,지명,철회,요청,the300,한국당,원내대표,이념,인사,조국,한상혁,집중,검증,대상,서울,뉴시스,박영태,원내대표,자유한국당,나경원,13일,원내대표실,서울,여의도,국회,자유한국당,원내,대표실,인사청문회,대책회의,참석,2019.08,자유한국당,조국,법무부,장관,후보자,후보자,한상혁,방송통신위원장,인사청문회,집중,검증대상,후보자,대통령,지명철회,요구,계획,원내대표,나경원,한국당,본인,휴가기간,국회,긴급,복귀,인사청문회,인사청문회,상임위,간사단,위원,회의,주재,9일,단행,개각,전략,인사청문회,대응,논의,원내대표,회의,기자들,8,지명,인사,부적격,인사,이념,인사,무능,정부,이념,장관,무능이념정권,생각,조국,법무부,장관,후보자,후보자,한상혁,방송통신위원장,집중,검증대상,원내대표,법무부,장관,법치,수호,확립,자리,후보자,경력,내력,법무부,장관,부족,후보자,자리,대통령,지명철회,지명철회,요구,인사청문회,후보자,보이콧,거부,방안,보이콧,여부,논의","인사청문회,후보자,원내대표,자유한국당,나경원,서울,지명철회,한상혁,법무부,한국당,방송통신위원장,박영태,간사단,상임위,the300,검증대상,기자들,대책회의,휴가기간,뉴시스","[머니투데이 김민우 기자] [[the300]한국당 원내대표 ""이념형 인사 많아 조국 한상혁 집중검증 대상""]

 【서울=뉴시스】 박영태 기자 = 자유한국당 나경원 원내대표가 13일 오후 서울 여의도 국회 자유한국당 원내대표실에서 열린 인사청문회 대책회의에 참석하고 있다. 2019.08.13. since1999@newsis.com

자유한국당이 조국 법무..",http://news.moneytoday.co.kr/view/mtview.php?no=2019081316157629184&type=2,
02100701.20190813164104001,20190813,헤럴드경제,유오상 기자,“문제는 조국ㆍ한상혁” 둘 콕 집은 나경원의 ‘청문회 데스노트’,정치>청와대, 정치>외교, 정치>행정_자치,,,,"문재인,한상혁,나경원,후보자",,"청와대,자유한국당,방송통신위,국회,법무부,상임위,한국당","조국,한상혁,나경원,청문회,데스노트,휴가,원내대표,나경원,자유한국당,13일,국회,인사청문회,인사청문회,상임위,간사단,위원,회의,주재,회의실,헤럴드경제,유오상,청와대,개각,야당,자유한국당,조국,법무부,장관,내정자,내정자,한상혁,방송통신위원장,겨냥,집중,공략,예고,이념,인사,규정,한국당,청와대,지명,철회,요구,동시,대책,마련,분주,모습,원내대표,나경원,한국당,13일,국회,상임위,간사단,인사청문회,대책,마련,회의,진행,지명,인사들,부적격,인사,판단,내정자,내정자,지목,원내대표,전체적,인사,이념,인사,무능,정부,이념,장관,정권,무능,이념,내정자,법무부,장관,자리,법치,수호,확립,자리,경력,이력,장관,부적격,회의,인사,확인,한국당,태도,안팎,제기,청문회,보이콧,가능성,원내대표,질문,지명철회,요구,보이콧,여부,논의,원내대표,7명,장관,위원장,내정자,내정자,내정자,지목,배경,야권,내부,민정수석,스스로,검증,법무부,장관,내정자,가짜,규제,주장,정권,반대,목소리,내정자,야권,반발,야당,반대,문재인,대통령,국회,개각,내정자,인사청문,요청,제출,예정,예정,요청안,국회,제출,국회,다음달,2일,청문회,청문,보고서,채택,여부,결정,정부,장관급,후보자,인사청문,보고서,불채택,청와대,개각,인사,단행,가능성,상황,국회,지정,시한,보고서,송부,청와대,10일,재송부,요청,임명,강행,야권,관계자,정부,야당,반대,임명,강행,반복,최선,방법,청와대,스스로,내정자,스스로,지명,철회,청문회,반대,직면","내정자,청와대,청문회,원내대표,한국당,나경원,보고서,인사청문회,인사청문,부적격,자유한국당,가능성,상임위,법무부,한상혁,간사단,방송통신위원장",휴가 중인 나경원 자유한국당 원내대표가 13일 오후 국회에서 인사청문회 관련 상임위 간사단 및 위원 회의를 주재하기 위해 회의실로 향하고 있다. [연합] [헤럴드경제=유오상 기자] 청와대의 이번 개각 발표를 두고 야당인 자유한국당이 조국 법무부 장관 내정자와 한상혁 방송통신위원장 내정자를 겨냥하며 집중 공략을 예고했다. 이들을 “이념형 인사”로 규정한 ..,http://biz.heraldcorp.com/view.php?ud=20190813000739,
01500701.20190813162849001,20190813,부산일보,조경건,조국 청문회 앞두고 야당이 언급한 '사노맹 사건' 무엇?,사회>사회일반,,,,,,"백태웅,황,박노해,황교안,후보자","서울,사직로","공동대책위원회,노동자당,안기부,사노맹,남한사회주의노동자동맹,하와이대,서울대,울산대,국가안전기획부,대법원,과학원,종로구,국제앰네스티,자유한국당,남한사회주의과학원,연합뉴스,법무부,남한사회주","조국,청문회,야당,언급,사노맹,사건,조국,법무부,장관,후보자,13일,사무실,인사청문회,준비,마련,서울,종로구,사직로,적선,현대,빌딩,출근,사진,조국,후보자,법무부,장관,인사청문회,야당,30년,사노맹,사건,언급,관심,황교안,자유한국당,대표,국가,전복,사람,법무부,장관,기용,조국,후보자,사노맹,사건,연루,혐의,국가보안법,위반,처벌,사실,거론,대표,사노맹,무장공비,달성,사회주의,혁명,폭발물,계획,무기,탈취,캡슐,자살,독극물,반국가,조직,후보자,일들,자기반성,13일,후보자,취재진,사노맹,사건,인사청문회,충분히,후보자,교수,울산대,재직,남한사회주의노동자동맹,약칭,사노맹,산하,기구,남한사회주의과학원,설립,참여,혐의,수사,6개월,구속수감,대법원,징역,1년,6개월,집행유예,1년,6개월,확정,대법원,후보자,반국가단체,사노맹,활동,동조,목적,남한사회주의과학원,가입,사노맹,건설,노동자당,남한,사회주의,성격,임무,제시,노동자계급,투쟁,촉구,수록,사상,제2호,제작,판매,사노맹,출신,서울대,총학생회장,백태웅,교수,하와이대,로스쿨,박노해,시인,개혁,사회주의,체제,노동자,중심,정당,건설,1989년,결성,조직,사노맹,4월,박노해,시인,검거,백태웅,중앙,상임,위원장,40여명,구속,해체,국가,안기부,사노맹,전국,노조,대학,조직원,1천,소속,사건,기소,인원,300명,구속,구속,조국,후보자,28세,대학교수,사노맹,관여자,구속,석방,조국,교수,학문,사상,자유,수호,공동대책위원회,결성,활동,석방,촉구,후보자,대법원,집행유예,판결,6개월,수감,생활,마감,후보자,국제앰네스티,지정,양심수,선정","사노맹,후보자,사회주의,6개월,인사청문회,백태웅,대법원,노동자,남한사회주의과학원,독극물,남한,집행유예,청문회,법무부,사직로,서울,국가보안법","조국 법무부 장관 후보자가 13일 오전 인사청문회 준비 사무실이 마련된 서울 종로구 사직로 적선현대빌딩으로 출근하고 있다. (사진=연합뉴스)



 조국(54) 법무부 장관 후보자의 인사청문회를 앞두고 야당이 30년 전 '사노맹 사건'을 언급해 관심을 모으고 있다. 
 
 12일 황교안 자유한국당 대표는 ""국가 전복을 꿈꾸던 사람이 법무부 장관에 기용될..",http://www.busan.com/view/busan/view.php?code=2019081316150615423,
01100201.20190813162737001,20190813,국민일보,김용현 기자,휴가 중 국회 돌아온 나경원 “조국 한상혁 집중 검증 대상”,정치>정치일반,,,,,,"한상혁,나경원,황,황교안,후보자",,"간담회,자유한국당,방송통신위,남한사회주의노동자동맹,국회,법무부,상임위,법제사법위원회,한국당","휴가,국회,나경원,조국,한상혁,대상,집중,검증,원내대표,나경원,자유한국당,9일,개각,무능,정부,이념,장관들,무능,이념,정권,생각,휴가,원내대표,국회,복귀,인사청문회,인사청문회,상임위,간사단,위원,회의,진행,회의,기자들,실질적,지명,인사,부적격,인사,원내대표,후보자,조국,법무부,장관,후보자,후보자,한상혁,방송통신위원장,대상,집중,검증,자리,법무부,장관,법치,수호,확립,자리,조국,내정자,경력,이력,인사,법제사법위원회,중심,대책회의,후보자,인사청문회,보이콧,질문,보이콧,여부,논의,후보자,지명철회,요구,대표,황교안,한국당,간담회,이날,강원,고성,산불,지역,현장,기자들,법무부,장관,헌법,신념,법무부,장관,처신,행동,후보자,부적격,대표,후보자,남한사회주의노동자동맹,사노맹,이력,사건,연루,지적,법무부,장관,적합,지적","후보자,법무부,인사청문회,원내대표,나경원,기자들,부적격,한상혁,장관들,황교안,간사단,한국당,상임위,자유한국당,방송통신위원장,고성,강원,간담회,사노맹,법제사법위원회,대책회의,내정자,남한사회주의노동자동맹,지명철회","나경원 자유한국당 원내대표가 지난 9일 개각에 대해 “무능한 정부가 이념형 장관들을 내세워서 무능 이념 정권으로 가겠다는 생각이라서 안타깝다”고 말했다. 
 
휴가 중이던 나 원내대표는 13일 국회에 복귀해 인사청문회 관련 상임위 간사단 및 위원 회의를 진행했다. 그는 회의 후 기자들에게 “굉장히 엄중한 시기”라며 “실질적으로 지명된 인사 중 부적격한 ..",http://news.kmib.co.kr/article/view.asp?arcid=0013599657&code=61111111&cp=kd,
02100851.20190813162159001,20190813,아주경제,장용진,조국 청문회 쟁점된 ‘사노맹’...어떤 단체였나,사회>노동_복지, 문화>출판,,범죄>범죄일반>살인, 사회>사회갈등>시위,,"이유자,박,백태웅,박노해,황교안,후보자","평화시,박기평,한국,북한,민중공화국","안기부,사노맹,남한사회주의노동자동맹,서울대,준비위원회,울산대,국가안전기획부,남로당,대법원,국정원,성남시,다수파,과학원,국제앰네스티,전국노동자대회,중앙위,연합뉴스,법무부,총학생회,NDR,CA,한국당","쟁점,조국,청문회,사노맹,단체,조국,법무부,장관,후보자,인사청문회,사노맹,사건,26년,재조명,법무부,장관,후보자,교수,울산대,근무,사노맹,방계조직,사회주,과학원,소속,활동,혐의,검거,징역,2년,집행유예,3년,선고,사노맹,무장투쟁,수립,사회주의,민중,공화국,목적,사실,대법원,반국가,단체,지목,사회주,과학원,학술단체,이적단체,구성원,사노맹,무기징역,징역10년,선고,사회주의,과학원,집행유예,선고,사회주,학자들,연구자들,투옥,국제앰네스티,인권단체들,양심수,선정,사노맹,주동자,박노해,시인,일부분,사진,장용진,남로당,최대,혁명,조직,사노맹,남한사회주의노동자동맹,약칭,서울대,제적,백태웅,얼굴,노동자,시인,박노해,주축,결성,조직,PD,민중민주,계열,자신들,ND,민족민주,계열,사노맹,중앙위원,활동,체포,국가,단체,수괴,혐의,유죄,선고,백태웅씨,노동,해방,문학,이정로,이름,사노맹,결성,운동권,한국사회,NL,민족해방,PD,ND,가지,노선,정립,주장,대학,총학생회,중심,대중적,활동,NL,주체사상,원리,전위정당,NL,정도,활동가,확보,조직,분산,PD,전위정당,ND계열,자신들,전위조직,능력,조직,사상,유지,사노맹,원래,CA,제헌의회,계열,다수파,NL,소수파,세력,재정비,사노맹,CA,전술론,발전,NDR,국가안전기획부,안기부,국정원,전신,수사,사노맹,결성,준비위원회,시작,활동범위,전국노동자대회,전국,노동자,대회,선언문,사노맹,출범,공식활동,안기부,사노맹,조직원,3000명,남로당,최대,조직,1991년,안기부,제시,증거물,사노맹,사건,자살물,독극물,포함,사진,안기부,제공,자본가,세상,쟁취,노동해방,노맹,민중,봉기,자본주의,질서,철폐,민중공화국,수립,사회주의,평화시위,달성,민중,무장봉기,생각,노동자,전위정당,결성,노동자,전위,정당,주도,민중통일전선,무장봉기,자본주의,정부,민중공화국,수립,민중공화국,사회주의,실현,국가,사노맹,생각,사노맹,중앙위원,노동자,시인,박노해,본명,박기평,마지막,작품,노동자의,최후,사랑,적개심,지상,마지막,마지막,외침,들꽃,목숨,사랑,슬로,자본가세상,챙취,노동해방,시인,조사실,안기부,지하,조사,고문,스스로,목숨,유서,안기부,과거,시국사건들,사노맹,스스로,사회주의자,혁명가,북한,정권,부정적,시각,혁명조직,자생,사회주의,혁명,조직,규정,안기부,수사결과,법원,시국사건들,북한,반국가단체,이적단체,혐의,처벌,사노맹,관련자,구성,반국가,단체,혐의,처벌,법적,지위,북한,동등,위치,정권,노태우,평가,과장,증거물,실제,사노맹,능력,의사,수준,1992년,사노맹,사건,재판,박노해,사진,자살용,독극물,캡슐,대표,자유,한국당,황교안,사노맹,무장봉기,달성,사회주의,혁명,폭발물,무기,탈취,계획,캡슐,자살,독극물,주장,조직,가담,인물,법무부,장관,사노맹,무기,탈취,폭발물,무장투쟁,준비,추상적,수준,구체,계획,수립,단계,민중들,투쟁,시작,계엄령,선포,군대,5.18광주,항쟁,살인진압,사노맹,생각,무장투쟁,수준,독극물,캡슐,안기부,고문,목적,준비,최종적,제조,실패,박노해,안기부,찜질,몽둥이,찜질,성기,모욕감,자괴감,고문방법,구속,은수미,성남시장,감옥,대장,소장,수술,박노해,자살,기도","사노맹,안기부,사회주의,박노해,노동자,독극물,법무부,후보자,과학원,사회주,민중공화국,자살용,무장투쟁,백태웅,황교안,반국가,nl,전위정당,집행유예,증거물,반국가단체","조국 법무부 장관 후보자의 인사청문회를 앞두고 ‘사노맹’ 사건이 26년만에 재조명을 받고 있다. 조 법무부 장관 후보자는 1993년 울산대 교수로 근무할 당시, 사노맹의 방계조직인 ‘사회주의 과학원’에 소속으로 활동한 혐의로 검거, 징역 2년6월에 집행유예 3년을 선고 받았다.사노맹은 무장투쟁과 사회주의 민중공화국 수립을 목적으로 하고 있다는 사실 때문..",http://www.ajunews.com/view/20190813155315794,
01100611.20190813161942001,20190813,서울신문,이범수,박지원 “황교안 일개 법무장관 앞장서 공격? 조국 인지도만 올려줘”,정치>정치일반,,,범죄>정치>뇌물수수,,,"김,이기주,박,김학의,황,황교안,후보자,박지원,박영선,박상기",,"법사위,자유한국당,유튜브,법무부,노동자 동맹,서울신문,법제사법위원회","박지원,황교안,일개,법무장관,공격,조국,인지도,변화,희망,대안,정치,연대,박지원,의원,후보자,조국,법무부,장관,전력,과거,국가보안법,위반,혐의,전복,황교안,자유한국당,대표가,국가,사람,법무부,장관,장관,대표가,일개,법무부,공격,결과적,조국,인지도,황교안,의원,이날,서울신문,유튜브,박지원,정치,출연,발언,대표가,계산,후보자,야당,대표가,특정,장관,집중포화,초짜,정치,행동,대표,발언,배경,설명,의원,배경,접대,뇌물,혐의,기소,김학의,법무부,차관,의혹,방어,목적,주장,차관,재판,진행,법제사법위원회,위원장,박영선,중소,벤처,기업부,장관,장관,법무부,대표,차관,질문,사실상,개입,판단,대표,본인,법무부장관,후보자,재점화,생각,후보자,남한,사회주의,노동자,동맹,사노맹,공격,장관,3월,자신,인사청문회,주장,장관,법사위원장,법무부,대표,김학의,김학의,접대,동영상,CD,존재,언급,대표,모습,주장,대표,기자들,CD,부인,의원,법사위,청문,위원,후보자,지지,입장,의원,법무부,장관,역할,중요,조정,검경,수사권,고위공직자,비리,수사처,설치,법사,위원,법조인,출신,장관들,집단,이기주의,개혁,실패,전임,박상기,장관,후보자,교수,출신,장관,개혁,완수,후보자,지지,강조","후보자,법무부,대표가,박지원,황교안,김학의,위원장,검경,고위공직자,수사권,법사위,이기주의,남한,인사청문회,장관들,인지도,박영선,법무장관","‘변화와 희망의 대안 정치연대’ 박지원 의원이 13일 조국 법무부 장관 후보자의 과거 국가보안법 위반 혐의 전력을 두고 황교안 자유한국당 대표가 “국가 전복을 꿈꿨던 사람이 법무부 장관이 될 수 있나”라고 말한 것에 대해 “당 대표가 일개 법무부 장관을 앞장서 공격하면 (결과적으로) 조국의 인지도만 황교안이 올려주는 것”이라고 말했다.
박 의원은 이날 ..",http://www.seoul.co.kr/news/newsView.php?id=20190813500145,
08100401.20190813161205002,20190813,YTN,우철희,"나경원 ""조국 한상혁, 집중 검증 대상...조국, 지명 철회해야""",국제>유럽_EU,,,,,,"한상혁,나경원,후보자",조국,"자유한국당,방송통신위,법무부,한국당","나경원,조국,한상혁,대상,집중,검증,조국,지명,철회,원내대표,자유한국당,나경원,조국,법무부,장관,후보자,후보자,한상혁,방송통신위원장,대상,집중,검증,강조,원내대표,국회,인사청문회,대비,비공개,회의,기자들,조국,후보자,이력,법치,수호,법무부,장관,부적격,지명,철회,촉구,원내대표,장관,후보자,지명,인사들,부적격,인사들,부적격,인사들,한국당,판단,무능,정부,이념,장관들,정권,무능,이념,의지,표명,지적,후보자,여부,인사청문회,거부,논의,우철희,woo72","후보자,원내대표,인사청문회,부적격,인사들,한상혁,장관들,법무부,자유한국당,나경원,방송통신위원장,우철희,비공개,한국당,기자들,woo72,조국,무능,지명,이념,검증,집중,장관,거부,철회,논의,회의,표명","자유한국당 나경원 원내대표는 조국 법무부 장관 후보자와 한상혁 방송통신위원장 후보자를 집중 검증 대상으로 들여다보고 있다고 강조했습니다.

나 원내대표는 국회 인사청문회를 대비한 비공개 회의 뒤 기자들과 만나 이같이 밝히고, 특히, 조국 후보자는 모든 이력이 법치를 수호하는 법무부 장관으로서는 매우 부적격하다며 지명 철회를 촉구했습니다.

나 원내대표는..",https://www.ytn.co.kr/_ln/0101_201908131611448653,
02100311.20190813160604001,20190813,서울경제,백주연 기자,"조국, 사회주의 단체 '사노맹' 관련 논란에 ""할 말 많지만 청문회서 밝히겠다""",사회>사회일반,,,,,,"황교안,후보자","서울,적선현대빌딩","종로구,사노맹,남한사회주의노동자동맹,자유한국당,법무부,울산대학교","조국,사노맹,사회주의,단체,논란,청문회,조국,후보자,법무부,장관,남한사회주의노동자동맹,사노맹,사건,전력,국가보안법,위반,야당,지적,야당,인사청문회,충분히,입장,후보자,사무실,인사청문회,적선현대빌딩,서울,종로구,출근,취재진,질문,공안,검사,출신,대표,황교안,자유한국당,후보자,사노맹,울산대학교,법학과,전임강사,시절,가입,활동,반국가적,이적,혐의,구속,국가,전복,사람,법무부,장관,언급","사노맹,후보자,인사청문회,청문회,법무부,종로구,국가보안법,황교안,서울,충분히,자유한국당,울산대학교,사회주의,취재진,전임강사,법학과,적선현대빌딩,사무실,남한사회주의노동자동맹,출신,야당,장관,이적,반국가적,시절,위반,단체,조국,국가,구속,질문",조국(54) 법무부 장관 후보자가 ‘남한사회주의노동자동맹(사노맹)’ 사건과 관련해 국가보안법 위반 전력이 있다는 야당 측 지적을 받자 “할 말이 많지만 인사청문회에서 충분히 답하도록 하겠다”는 입장을 밝혔다. 조 후보자는 13일 인사청문회 사무실이 꾸려진 서울 종로구 적선현대빌딩에 출근하면서 취재진의 질문에 이같이 답했다. 앞서 공안검사 출신의 황교안 ..,http://www.sedaily.com/NewsView/1VMYEF7AWK,
01100901.20190813145426001,20190813,중앙일보,김준영(kim.junyoung@joongang.co.kr),"[팩트체크]91년 조국은 국가전복 꿈꿨나 법원 ""반국가조직 가입 안했다""",사회>사회일반, 국제>국제일반,,범죄>범죄일반>폭행,,,"이인영,황,황교안,후보자",민주공화국,"안기부,사노맹,남한사회주의노동자동맹,안전기획부,더불어민주당,사과원,자유민주,대법원,앰네스티,자유한국당,남한사회주의과학원,법무부,한국당","조국,국가전복,가입,법원,국가,조직,국가,전복,사람,법무부,장관,기용,황교안,자유한국당,대표,집권,군사,정권,세상,민주주의,열정,폄하,이인영,더불어민주당,원내,대표,인사청문회,충분히,조국,법무부,장관,후보자,후보자,과거,남한사회주의노동자동맹,사노맹,사건,연루,여야,의견,야당,후보자,국가보안법,위반,처벌,전력,강조,여당,사노맹,민주주의,단체,후보자,사면,복권,반박,당사자,후보자,청문회,사노맹,사건,상황,기록,1,3심,법원,판결문,사실관계,김영삼,정부,판결문,의원실,주광덕,한국당,제공,발언,대표,판결문,체크,사노맹,반국가,조직,국가전복,조직,사실,조국,국가,전복,동조,판결문,1,3심,사노맹,국가,존립,안전,헌법,대전제,자유,민주,기본,질서,파괴,단체,국가보안법,2조,소정,국가,변란,목적,반국가단체,판시,전위활동가들,활동,합법,선전,선동,노동자계급,통일전선,구축,국가권력,장악,사회주의,혁명,민중민주공화국,수립,노동자계급,전위조직,표방,설명,재판부,후보자,강령연구실장,참여,남한사회주의과학원,사과원,기구,사노맹,산하,의견,사과원,1심,반국가단체,2심,원심파기,대법원,확정판결,2심,판결문,사과원,자체,폭력,방법,정부,전복,정부,수립,국가변란,직접적,1차,목적,반국가단체,규정,사과원,반제,독점민중민주주의혁명,주도,노동자,계급,사회주의,국가,건설,주장,정치,단체,기본질서,헌법상,민주,기본,질서,용납,이적단체,반국가단체,이적단체,성격,국보법,국가,변란,자체,직접적,1차,목적,반국가단체,반국가단체,활동,동조,목적,이적단체,단체,목적,동일,직접적,간접적,사노맹,반국가조직,표현,판결문,사실,사과원,반국가단체,활동,동조,사실,2심,판결문,후보자가,사과원,사노맹,활동,동조,목적,단체,사실,확인,반국가단체,사노맹,활동,동조,목적,사과원,가입,표현,차례,사노맹,무장공비,사회주의,혁명,달성,폭발물,무기,탈취,계획,캡슐,자살,독극물,안기부,안기부,판결문,대표,주장,안전기획부,30일,판결문,적시,사노맹,폭력,여부,후보자,혁명,폭력,부정적,1심,6월,징역,2년,6월,집행유예,3년,선고,후보자,2심,징역,1년,집행유예,2년,양형,사유,후보자,사회주의,이론,일면,장점,인정,절대,가치,부여,비합법적,비밀,전위조직적,활동,폭력,혁명,방법,사회개혁,가능,생각,사노맹,폭력,수단,준비,사과원,후보자,회의적,재판부,판단,조국,후보자,일들,자기반성,후회,후보자,항소,자신,사과원,관여,주장,수차례,권유,사과원,가입,거절,7월,강령연구실장,가입,3월,탈퇴,실장직,기타,대학,강의,활동,실질적,운영위원,활동,2심,판결문,주장,재판부,후보자,활동,과거,사과원,후회,판시,최종적,후보자,2심,판단,대법원,확정판결,양형,징역,1년,집행유예,2년,국제,앰네스티,불공정,재판,가혹행위,정치범,양심수,사노맹,관련자,포함,후보자,국제,앰네스티,양심수,선정,정부,김대중,사면,복권","후보자,사노맹,사과원,판결문,사회주의,2심,반국가단체,반국가조직,민주주의,안기부,재판부,이적단체,국가보안법,청문회,1심,기본질서,독극물,양심수,집행유예,헌법상,노동자,판시,양형","“국가 전복을 꿈꾸던 사람이 법무부 장관에 기용될 수 있느냐.”(12일 황교안 자유한국당 대표)
 
 “총 칼로 집권한 군사 정권에 맞서 세상을 바꾸기 위해 쏟은 민주주의의 열정을 폄하하지 말라.”(13일 이인영 더불어민주당 원내대표) 
 “할 말이 많지만, 인사청문회에서 충분히 답하도록 하겠다.”(조국 법무부 장관 후보자)
 
 
 조 후보자의 과거 ..",https://news.joins.com/article/olink/23143579,
01100701.20190813144627001,20190813,세계일보,,'조국 청문회' 앞두고 재소환된 30년전 사노맹 사건,사회>사건_사고,,,범죄>기업범죄>반독점범죄, 범죄>범죄일반>방화, 범죄>범죄일반>폭행,"정주영,백태웅,이용훈,노태우,이인영,박노해,노무현,황,황교안,김황식,후보자","남한,대한민국","공동대책위원회,안기부,노동자당,정책위의장,현대그룹,민주당,사노맹,하와이대,서울대,국가안전기획부,울산대,대법원,성남시,과학원,국제앰네스티,자유한국당,남한사회주의과학원,법무부,남한사회주,민주화보상심의위,공안검사 출신,한국당","조국,청문회,재소환,30년,사노맹,사건,미스터,국가,보안법,공안,검사,출신,황교안,자유한국당,대표가,조국,후보자,법무부,장관,전력,국가보안법,위반,후보자,연루,사노맹,사건,주목,사노맹,노태우,대통령,시절,출신,서울대,총학생회장,백태웅,교수,하와이대,로스쿨,박노해,시인,중심,출범,조직,사회주의,노동자계급,건설,전위,전당,사회주의,제도로,사회,변혁,4월,박노해,시인,검거,백태웅,중앙,상임,위원장,40여명,인물,구속,해체,국가,안기부,사노맹,전국,노조,대학,조직원,1천,사건,기소,인원,300명,백태웅,교수,서울대,법대,1년,후배,후보자,남한사회주의과학원,사노맹,산하,사과원,가입,활동,반국가적,이적,혐의,구속,6월,6개월,옥살이,구속,28세,구속,후보자,전임강사,울산대,법대,전임,강사,사노맹,관여자,대학교수,구속,석방,조국,교수,학문,사상,자유,수호,공동대책위원회,구성,활동,석방,촉구,후보자,국제앰네스티,양심수,선정,후보자,1심,재판,재판장,김황식,국무총리,1심,재판부,국가보안법,위반,반국가단체,가입죄,후보자,6개월,징역,2년,6개월,6개월,자격정지,2년,6개월,집행유예,3년,선고,6월,2심,형량,징역,1년,집행유예,2년,남한사회주의과학원,국보법,반국가단체,이적단체,판단,2심,재판부,판결문,국가보안법상,반국가단체,일차적,직접적,목적,정부,참칭,국가변란,목적,단체,남한사회주의과학원,설립목적,강령,활동,종합,국가,사노맹,이론적,기초,제공,사노맹,지원,주목적,국가,변란,목적,만큼,이적단체,분류,대법원,5월,후보자,징역,1년,판결,집행유예,2년,확정,대법원,후보자,반국가단체,사노맹,활동,동조,목적,남한사회주의과학원,가입,사노맹,건설,노동자당,남한,사회주의,성격,임무,제시,노동자계급,투쟁,촉구,수록,사상,제2호,제작,판매,사과원,단순,사회주의,이론,학술,연구단체,민중민주주의혁명,반제,반독점,민중,민주주의,혁명,주도,노동자,계급,사회주의국가,건설,주장,정치,단체,국보법상,반국가단체,목적,이적단체,명시,재판장,대법관,노무현,정권,대법원장,임명,이용훈,대법원장,후보자,6개월,수감,박노해,시인,백태웅,교수,무기징역,15년,선고,수감,생활,특사,광복절,2008년,민주화,보상심의위,민주화,운동,관련자,사노맹,관여,은수미,성남시장,구속,6년,복역,출소,경험,반영,후보자,국보법,폐지,목소리,주장,사회주의,공산주의,특정,사상,처벌,요약,후보자,출간,조국,대한민국,내란,간첩,살인,예비,음모,폭력,방화,범죄,착수,처벌,범죄,행위,자신,사상,전파,단체,조직,행위,자체,처벌,제기,남북,체제,경쟁,승부,남한,시민,민주주의,의식,수준,거리,주체사상,인사들,자신,주장,홍보물,허용,남한,체제,시민,주체사상파,변신,후보자,보수주의자,사회의,자칭,후보,대선,후보,국가보안법,철폐,주장,공산주의자,행동,사람,처벌,발언,명예회장,정주영,현대그룹,명예,회장,주장,이적,반공,냉전,단세포,잣대,사용,진리,양심,재단,국가보안법,자체,야만,황교안,대표가,사노맹,사건,후보자,적격성,정면,공격,사건,정치권,공방,인사청문회,가능성,대표,국가,전복,사람,법무부,장관,사노맹,무장공비,달성,사회주의,혁명,폭발물,계획,무기,탈취,캡슐,자살,독극물,반국가,조직,민주당,이인영,원내대표,한국당,정상적,검증,몰이성,색깔론,인사청문회,후보자,공안,조서,작성,자리,비판,정책위의장,조정식,용공,조작,80년대,국가,공권력,피해자,빨갱이,공격,시대착오적,구태정치,퇴출,사노맹,사건,재판,공안당국,고문,조작,사실,폭로,강조,논란,후보자,인사청문회,충분히,입장","후보자,사노맹,사회주의,국가보안법,백태웅,반국가단체,6개월,남한,남한사회주의과학원,대법원장,서울대,청문회,황교안,2심,집행유예,이적단체,독극물","'미스터 국가보안법'으로 불린 공안검사 출신 황교안 자유한국당 대표가 조국(54) 법무부 장관 후보자의 국가보안법 위반 전력을 문제 삼으면서 조 후보자가 연루된 '사노맹 사건'이 주목받고 있다. 
 
 사노맹은 노태우 전 대통령 시절인 1989년 11월 서울대 총학생회장 출신인 백태웅 현(現) 하와이대 로스쿨 교수와 박노해 시인 등이 중심이 돼 출범한 ..",http://www.segye.com/content/html/2019/08/13/20190813507575.html,
01100201.20190813140234002,20190813,국민일보,지호일 기자,‘조국 공방’ 이인영 “몰이성적 색깔론 그만” 황교안 “내 말 중 틀린 것 있나”,정치>정치일반,,,,,,"조정식,이인영,황,황교안,후보자","고성,대한민국,고성군","군사정권,간담회,정책위의장,민주당,사노맹,자유한국당,남한사회주의노동자동맹,더불어민주당,강원도,법무부,한국당","조국,공방,이인영,몰이성,색깔론,황교안,인사청문회,조국,법무부,장관,후보자,여야,신경전,여야,격화,더불어민주당,자유한국당,색깔론,공세,비판,엄호,후보자,한국당,후보자,과거,행적,법무행정,총괄,자격,지명,철회,요구,원내대표,이인영,민주당,원내,대책,회의,상임위,간사단,연석회의,한국당,정상적,검증,몰이성,색깔론,주장,인사청문회,보이콧,비판,인사청문회,후보자,공안,조서,작성,자리,대표가,후보자,황교안,한국당,대표가,남한사회주의노동자동맹,사노맹,이력,사건,연루,공격,발언,거론,총칼,집권,군사정권,민주주의,열정,폄하,대표,최고위원회의,한국당,최고,위원,회의,후보자,과거,사노맹,사건,실형,선고,사람,국가,전복,조직,사람,법무부,장관,얘기,원내대표,한국당,장관,후보자,척결,좌익,용공,시각,공안,검사,이분법,주장,조정식,정책위의장,대표,충고,용공,조작,80년대,정치,목적,국가,공권력,피해자,빨갱이,공격,시대착오적,구태정치,퇴출,대표,법무부,장관,처신,행동,후보자,부적격,고성군,강원도,희망,공감,국민,고성,속초,산불,피해지역,주민,간담회,기자들,법무부,장관,헌법,신념,원내대표,몰이성,색깔,비판,대표,얘기,반문,가치,대한민국,헌법,법무부,장관,사노맹,사건,판결문,판단,이해,강조","후보자,한국당,색깔론,원내대표,법무부,인사청문회,이인영,사노맹,황교안,피해자,이분법,간담회,강원도,대한민국,민주당,부적격,대표가","조국 법무부 장관 후보자 인사청문회를 앞두고 여야 간 신경전도 격화되고 있다. 더불어민주당은 자유한국당의 색깔론 공세를 강력히 비판하면서 조 후보자 엄호에 나섰고, 한국당은 조 후보자의 과거 행적을 봤을 때 법무행정을 총괄할 자격이 없다며 지명 철회를 거듭 요구하고 있다. 
 
이인영 민주당 원내대표는 13일 원내대책회의 상임위 간사단 연석회의에서 “한..",http://news.kmib.co.kr/article/view.asp?arcid=0013598855&code=61111511&cp=kd,
01100701.20190813140201001,20190813,세계일보,박태훈,"조국 청문회 앞두고 ‘미스터 국보법’ 황교안, 사노맹 사건 소환",사회>사회일반,,,,,,"문재인,문희상,은수미,백태웅,남진현,황,박노해,황교안,이해찬,후보자","미국,서울,여의도,박기평,대학동,유엔","사노맹,중앙위원회,국가정보원,하와이대,뉴시스,울산대,국가안전기획부,최고위원회의,사회주의과학원,성남시,자유한국당,중앙위,연합뉴스,초월회,조직위,노동자당,민주당,남한사회주의노동자동맹,검찰,노동해방연구소,민주주의학생연맹,남로당,대법원,과학원,김대중정부,사회주의학생운동연구소,법무부,남한사회주,한국당","조국,청문회,미스터,국보법,황교안,소환,사노맹,사건,조국,법무부,장관,후보자,황교안,자유한국당,대표가,전면,조국,법무부,장관,불가,선언,대표,12일,최고위원회의,최고,위원,회의,후보자,1993년,사노맹,남한사회주의노동자동맹,사건,유죄판결,사실,지적,세상,국가전복,조직,사람,법무부,장관,이야기,대응,인사청문회,강경,주문,소환,대표가,사노맹,사건,주역들,사노맹,미스터,국보법,달성,사회주의,혁명,반국가,조직,운동권,일전,선포,대표,검사,생활,공안분야,근무,공안검사들,필독,국가보안법,집필,대표,공안,검사,미스터,국보법,권위자,만큼,국가보안법,유명,사랑재,서울,여의도,국회,주최,문희상,의장,초월회,대표,민주당,이해찬,한국당,황교안,대표가,인사,뉴시스,사노맹,사건,국보법,위반,국가,문란,사건,규정,이날,최고,위원,대표,조국,지명자,사노맹,사건,실형,선고,사람,사노맹,단체,무장봉기,사회주의,혁명,달성,폭발물,무기,탈취,계획,캡슐,자살,독극물,반국가,조직,강조,대표,안보,상황,사람,법무부장관,검찰,제대로,공정,수사,문재인,대통령,국회,무시,임명,감행,국민들,용납,지명,조국,후보자,철회,요구,운동권,전면전,선포,PD,계열,조국,사노맹,사건,징역,1년,6개월,집유,1년,6개월,1993년,3월,정부,특사,복권,후보자,학생운동권,이념체계,PD,민중민주주의,NDR,민족민주혁명,계열,백태웅,박노해,NDR주축,사노맹,결성,후보자,울산대,전임강사,재직,사건,사노맹,산하,사회주의,과학원,연루,재판,징역,1년,6개월,집행유예,1년,6개월,선고,6개월,수감생활,지적,대표가,선고,후보자,3월,김대중정부,전원,사노맹,관련자,특별사면,복권조치,전과,김대중정부,사노맹,사건,6공화국,불순,의도,기획,공안사건,판단,대표,국보법,위반,확신,백태웅,박노해,사노맹,조직,1991년,3월,박노해,4월,백태웅,검거,와해,남한사회주의노동자동맹,국가,국가정보원,남로당,최대,규모,사회주의,전위,조직,공안당국,사노맹,박노해,본명,박기평,사진,주축,결성,시집,노동,유명,박노해,박해,노동자,해방,필명,채택,백태웅,무장봉기,2월,사회주의,혁명,지도,노동자당,결성,의기투합,결성,사노맹,공개,선언,백태웅,가명,이정로,정통정치노선,준말,이름,활동,사노맹,최고지도부,중앙위원회,조직위,편집위,시도,지방위,체제,편성,조국,후보자,연루,남한사회주의과학원,노동해방연구소,사회주의학생운동연구소,민주주의학생연맹,사노맹,산하조직,공안당국,1989년,사노맹,추적,검거,3월,박노해,중앙위원,4월,백태웅,중앙위원장,은수미,성남시장,조직원,체포,사실상,와해,박노해,무기징역,15년,백태웅,징역,6년,은수미,징역,6년,박노해,1심,9월,1심,무기징역,선고,재판절차,일사천리,진행,2심,2심,대법원,4월,무기징역,백태웅,사진,1심,무기징역,선고,2심,징역15년,감형,무기징역,15년,감형,법조,사실상,법원,판단,은수미,성남시장,6년,복역,출소,사노맹,중앙,상임,위원,남진현,8년,옥살이,박노해,사진작가,백태웅,교수,은수미,정치인,남진현,화가,최고위직,조국,사노맹,관계자,사면,3월,정치,사회,활동,걸림돌,박노해씨,출소,사진작가,변신,사진전,백태웅씨,미국,법학박사학위,변호사,자격,취득,교수,하와이대학교,로스쿨,재직,교도소,인권,유엔,중심,인권활동,전개,후보자,대학동기,친밀,관계인,시장,사진,복학,박사학위,국회의원,지방선거,성남시장,당선,남진현씨,그림,교도소,독방,생활,발판,그림,전시회,화가,박태훈,사진","사노맹,박노해,백태웅,후보자,사회주의,대표가,국보법,6개월,은수미,황교안,남진현,무기징역,2심,교도소,운동권,성남시장","조국 법무부 장관 후보자를 놓고 황교안 자유한국당 대표가 전면에 나서 ‘조국 법무부 장관 불가’를 선언했다. 황 대표는 12일 당 최고위원회의에서 조 후보자가 1993년 이른바 사노맹(남한사회주의노동자동맹)사건으로 유죄판결을 받은 사실을 지적하면서 ""아무리 세상이 변했다고 해도 국가전복을 꿈꾸는 조직에 몸담았던 사람이 법무부 장관에 앉는 것이 도대체 말..",http://www.segye.com/content/html/2019/08/13/20190813503803.html,
01100701.20190813133719001,20190813,세계일보,,"""몰이성적 색깔론"" vs ""자격없다"" 조국 임명 두고 與野충돌 예고",정치>정치일반,,,,,,"조,조정식,문재인,은성수,한상혁,이인영,황,조경태,황교안,오신환,김현수,후보자","고성 산불피해,문,다주택","정책위의장,민주당,사노맹,방통위,남한사회주의노동자동맹,더불어민주당,민주언론시민연합,뉴시스,국회,불교방송,바른미래당,국제앰네스티,청와대,자유한국당,방송통신위,강원도,농림축산식품부,법무부,한국당","몰이성,색깔,vs,자격,조국,임명,與野,충돌,예고,지명,조국,법무부,장관,후보자,여야,대립,13일,인사청문,정국,긴장감,고조,여당,더불어민주당,자유한국당,색깔론,공세,비판,엄호,후보자,한국당,중심,보수,야권,후보자,지명,철회,요구,검증,충돌,예고,이달,예상,8,인사청문회,야당,후보자,후보자,한상혁,방송통신위원장,후보자들,공세,강화,전선,여야,대치,확장,민주당,대표,한국당,황교안,공격,후보자,색깔론,구태정치,비판,대표,자유한국당,황교안,뉴시스,대표,최고,후보자,과거,남한사회주의노동자동맹,사노맹,사건,실형,선고,사람,국가,전복,조직,사람,법무부,장관,얘기,이인영,원내대표,이날,회의,이날,한국당,정상적,검증,몰이성,색깔론,인사청문회,후보자,공안,조서,작성,자리,원내대표,한국당,일각,제기,보이콧,조국,청문회,불씨,국회,냉각,준비,조정식,정책위의장,대표,충고,용공,조작,80년대,정치,목적,국가,공권력,피해자,빨갱이,공격,시대착오적,구태정치,퇴출,강조,정책위의장,시비,대표가,사노맹,사건,재판,공안당국,고문,조작,사실,폭로,국제앰네스티,보고서,사노맹,관련자,양심수,후보자,양심수,선정,후보자,방어,한국당,후보자,청문회,타깃,정조준,공세,강화,현장,강원도,고성,산불피해,황교안,대표,기자들,자신,사노맹,발언,사노맹,법무부,장관,헌법,신념,처신,행동,부적격,판단,조경태,최고위원,라디오,이날,불교방송,출연,2011년도,스스로,후보자,본인,청문회,통과,국가보안법,위반,위장전입,법무부,장관,국민,설득력,자격,최고위원,임명권자,후보자,고민,문재인,대통령,지명,철회,촉구,한국당,인사청문회,재직,논란,청와대,민정수석,재직,인사검증,실패,사회관계망서비스,SNS,반일,여론,자극,논란,표절,의혹,집중적,청문회,중심,공격,전망,한국당,일각,대통령,야당,반대,후보자,법무부,장관,지명,반발,청문회,보이콧,검토,의견,상황,인사청문회,야당,반대,채택,인사청문,경과보고서,대통령,임명,강행,예정,수순,인식,청문회,자체,보이콧,방안,선택지,얘기,연일,후보자,연일,바른미래당,인사,공격,전선,확대,오신환,원내대표,원내대책회의,후보자,한상혁,방송통신위원장,시대,4차,산업혁명,인터넷,통신,게임,광고,미디어,융합,식견,인물,의문,원내대표,후보자,가짜뉴스,표현,자유로,보호,규제,방침,청와대,가짜뉴스,규제,초점,지명,방통위,정치,중립성,독립성,훼손,강조,한국당,바른미래당,야당,보수,성향,진보,성향,민주언론시민연합,공동대표,활동,후보자,정치,편향,여부,김현수,농림축산식품부,장관,후보자,후보자,은성수,금융위원장,정부,정책,기조,배치,다주택,보유자,검증,야당,공세,예고","후보자,청문회,한국당,사노맹,원내대표,색깔론,인사청문회,법무부,황교안,인사청문,청와대,자유한국당,피해자,구태정치,정책위의장,최고위원,가짜뉴스,방송통신위원장,바른미래당","조국 법무부 장관 후보자 지명을 둘러싼 여야 간 첨예한 대립이 13일에도 이어지며 인사청문 정국을 앞두고 긴장감이 고조되고 있다. 
 
 여당인 더불어민주당은 자유한국당의 색깔론 공세를 강력히 비판하며 조 후보자 엄호에 나섰고, 한국당을 중심으로 한 보수 야권은 조 후보자 지명 철회를 요구해 검증 과정에서 강한 충돌이 예고됐다. 
 
 이달 말 줄줄이 ..",http://www.segye.com/content/html/2019/08/13/20190813506276.html,
01100901.20190813132933001,20190813,중앙일보,박광수(park.kwangsoo@joongang.co.kr),황교안 “법무장관 맞는 처신 행동 있어 조국은 부적격”,사회>사회일반,,,,,,"황,황교안,후보자","고성,대한민국","사노맹,자유한국당,남한사회주의노동자동맹,남한사회주의과학원,법무부,울산대,대법원","황교안,법무,장관,처신,행동,조국,부적격,원내대표,황교안,자유한국당,후보자,조국,법무부,장관,과거,남한사회주의노동자동맹,사노맹,활동,전력,법무부,장관,부적격,판단,대표,이날,고성,속초,산불피해지역,고성,속초,산불,피해,지역,주민,간담회,기자들,법무부,장관,헌법,신념,처신,행동,사노맹,국가전복,기도,질문,판결문,가치,대한민국,헌법,법무부,장관,반문,대표,최고,후보자,과거,사노맹,사건,실형,이력,거론,국가전복,조직,사람,발언,후보자,울산대,교수,재직,사노맹,산하,기구,남한사회주의과학원,설립,참여,혐의,수사,6개월,옥고,대법원,후보자,징역,1년,6개월,집행유예,1년,6개월,확정판결,사노맹,참여,인사들,사면,민주화,운동,유공자,이듬해,3월,사노맹,처벌,관련자,사면,복권,조치,후보자,대표,사노맹,발언,사노맹,인사청문회,충분히,인사청문회,충분히","사노맹,후보자,6개월,황교안,법무부,부적격,인사청문회,산불피해지역,고성,충분히,대한민국,자유한국당,국가전복,대법원,유공자,간담회,이듬해,민주화,판결문,관련자,기자들,남한사회주의과학원,인사들,확정판결,원내대표,울산대,집행유예","황교안 자유한국당 원내대표는 13일 조국 법무부 장관 후보자의 과거 ‘남한사회주의노동자동맹’(사노맹) 활동 전력과 관련해 “(법무부 장관으로서) 부적격하다고 판단한다”고 재차 밝혔다. 
 
 황 대표는 이날 고성 속초 산불피해지역에서 열린 ‘고성 속초 산불피해지역 주민간담회’를 마친 뒤 기자들과 만나 “법무부 장관은 헌법과 법을 지키겠다고 하는 확고한 ..",https://news.joins.com/article/olink/23143470,
01100701.20190813132557001,20190813,세계일보,,"황교안 ""법무부 장관에 맞는 처신과 행동 있다""며 조국 비판",정치>정치일반,,,,,,"홍준표,황,황교안,후보자","창녕,고성,대한민국,강원,고성군","간담회,자유한국당,남한사회주의노동자동맹,더불어민주당,법무부,페이스북,한국당,함안보 해체 반대 국민 궐기대회","장관,황교안,법무부,처신,행동,조국,비판,대표,자유한국당,황교안,후보자,조국,법무부,장관,겨냥,법무부,장관,처신,행동,후보자,부적격,비판,대표,고성군,강원,희망,공감,국민,고성,속초,산불,피해지역,주민,간담회,종료,기자들,법무부,장관,헌법,신념,대표,최고,후보자,과거,남한사회주의노동자동맹,사노맹,사건,실형,이력,거론,국가,전복,조직,사람,더불어민주당,공안검사,이분법,시각,비판,대표,이야기,반문,판결문,판단,이해,가치,대한민국,헌법,법무부,장관,강조,홍준표,대표가,페이스북,창녕,함안보,해체,반대,국민,궐기대회,참석,창녕,사실상,경남,출마,입장,질문,대표,정치,분들,한국당,대한민국,충정,판단,생각","법무부,후보자,창녕,대한민국,황교안,간담회,강원,분들,경남,사실상,궐기대회,부적격,자유한국당,더불어민주당,공안검사,사노맹,대표가,페이스북,남한사회주의노동자동맹,홍준표,피해지역,판결문,고성군,고성,충정,함안보,한국당,기자들","자유한국당 황교안 대표는 13일 조국 법무부 장관 후보자를 겨냥해 ""법무부 장관에 맞는 처신과 행동이 있는데, 조 후보자는 부적격하다""고 비판했다. 
 
 황 대표는 이날 강원 고성군에서 열린 '희망공감 국민 속으로 고성 속초 산불 피해지역 주민 간담회' 종료 후 기자들과 만나 ""법무부 장관은 헌법과 법을 지키겠다는 확고한 신념을 가져야 한다""며 이같이..",http://www.segye.com/content/html/2019/08/13/20190813506206.html,
01100701.20190813131225001,20190813,세계일보,김경호,"""국가 전복 꿈꾼 사람"" 황교안 지적에 조국 ""할 말 많다""",정치>정치일반,,,,,,"문재인,전제로,이인영,황,황교안,후보자","서울,사직로","간사단 연석회의,전날,사노맹,남한사회주의노동자동맹,더불어민주당,국회,뉴시스,울산대,대법원,과학원,군사정권,종로구,자유한국당,연합뉴스,법무부,남한사회주,한국당","국가,전복,사람,황교안,지적,조국,조국,법무부,장관,후보자,13일,사무실,인사청문회,준비,마련,빌딩,서울,종로구,사직로,적선,현대,출근,왼쪽,사진,대표가,황교안,자유한국당,12일,국회,최고위원회의,주재,발언,오른쪽,사진,조국,후보자,법무부,장관,과거,남한사회주의노동자동맹,사노맹,사건,연루,장관,자격,부족,야당,비판,인사청문회,충분히,13일,황교안,자유한국당,대표,국가,전복,사람,법무부,장관,기용,후보자,사노맹,사건,혐의,국가보안법,위반,처벌,사실,거론,이날,9시,분쯤,인사청문회,사무실,서울,종로구,적선현대,빌딩,출근,후보자,취재진,질문,인사청문회,말씀,취지,사노맹,사건,조국,법무부,장관,후보자,13일,사무실,인사청문회,준비,마련,빌딩,서울,종로구,사직로,적선,현대,출근,취재진,질문,뉴시스,후보자,울산대,교수,재직,사노맹,산하,기구,남한,사회주의,과학원,설립,참여,혐의,수사,6개월,구속,수감,대법원,징역,1년,집행유예,1년,개월,확정,판결,사노맹,개혁,사회주의,체제,건설,노동자,정당,1980년대,결성,조직,사회관계망서비스,SNS,게시글,인사청문회,취재진,질문,후보자,인사청문회,후보자,신중,태도,국민,대표기관,국회,도리,기본,개인,의견,중요,2005년,문재인,정부,방향,수사권,조정,검사,수사,종결,지휘권,유지,주장,2005년,개인,정부,수사권,조정안,2018년,장관,법무부,행정안전부,장관,합의문,주장,주체,설명,2005년,시대적,상황,경찰,개혁,본격화,상태,조정,검경,수사권,조정,권력기관,개혁안,경찰,개혁,동시,진행,전제로,1차,수사,종결,해결,장관,합의,부연,이날,자신,QM3,차량,사무실,도착,음료,텀블러,이인영,조국,황교안,겨냥,몰이성,색깔,원내대표,이인영,더불어민주당,이날,후보자,이날,야당,공세,한국당,정상적,검증,몰이성,색깔론,주장,인사청문회,보이콧,지적,발언,원내대표,이인영,자유한국당,원내,대표,원내대표,이날,국회,원내대책회의,상임위원회,간사단,연석회의,참석,후보자,인사청문회,공안,조서,작성,자리,대표,후보자,국가,전복,사람,장관,색깔론,공세,총칼,집권,군사정권,민주주의,열정,폄하,경고,더불어,한국당,장관,후보자,척결,좌익,용공,시각,공안,검사,이분법,대표,출신,비판,한국당,국회,차례,보이콧,기록,후보자,인사청문회,보이콧,운운,걱정,불씨,국회,냉각,준비,강조,원내대표,이념,정쟁,골몰,한국당,인사청문회,결산,심사,8월,국회,적극,협조,촉구","후보자,인사청문회,황교안,사노맹,한국당,이인영,원내대표,자유한국당,사회주의,수사권,사무실,청문회,색깔론,법무부,서울,검경,이분법","조국 법무부 장관 후보자가 13일 오전 인사청문회 준비 사무실이 마련된 서울 종로구 사직로 적선현대 빌딩으로 출근하고 있다.(왼쪽 사진) 황교안 자유한국당 대표가 지난 12일 오전 국회에서 열린 최고위원회의를 주재하고 발언하고 있다.(오른쪽 사진) 연합뉴스 
 조국(54) 법무부 장관 후보자가 과거 남한사회주의노동자동맹(사노맹) 사건에 연루됐기에 장관 ..",http://www.segye.com/content/html/2019/08/13/20190813504376.html,
02100701.20190813130458001,20190813,헤럴드경제,이원율 기자,"오신환 “文, ‘가짜뉴스 칼잡이’로 한상혁 지명? 방통위 독립성 훼손”",정치>북한, 정치>외교, 정치>청와대,,,,"문재인,한상혁,오신환,후보자","북미,일본,대한민국,북한","과학기술정보통신부,바른미래당,방통위,청와대,방송통신위,국회,북한,방송통신위원회,문화체육관광부","오신환,가짜,칼잡이,한상혁,지명,방통위,독립성,훼손,원내대표,오신환,바른미래당,13일,국회,원내대책회의,발언,헤럴드경제,이원율,원내대표,오신환,바른미래당,한상혁,방송통신위원장,후보자,청와대,가짜뉴스,규제,초점,지명,의도,자체,방송통신위원회,정치,중립,독립성,훼손,원내대표,이날,국회,원내대책회의,방통위원장,인사,청문회,집중,사안,후보자,전문성,가짜뉴스,규제,이슈화,유감,청와대,후보자,방송법,전문가,4차,산업혁명,시대,방송통신산업,전반,식견,인물,의문,사실,방통위,과학기술정보통신부,문화체육관광부,전문성,위원장,칼잡이,강조,이날,원내대표,북한,문재인,정부,태도,지적,북한,미사일,도발,막말,대한민국,조롱,정부,북한,담화문,언어,주장,북한,북한,언어,청와대,국민,일갈,정부,일본,북한,궁극,북미관계,정상화,북한","후보자,가짜뉴스,오신환,청와대,칼잡이,전문성,한상혁,원내대표,방통위,독립성,방통위원장,4차,바른미래당,방송통신산업,헤럴드경제,헤럴드,청문회,방송통신위원회,막말,대한민국,통신부,산업혁명,원내대책회의,전문가,과학기술정보통신부,북미관계,이슈화,문화체육관광부,이원율,방송법,정상화,위원장,일본,문재인,담화문","오신환 바른미래당 원내대표가 13일 오전 국회에서 열린 원내대책회의에서 발언하고 있다. [연합] [헤럴드경제=이원율 기자] 오신환 바른미래당 원내대표는 13일 한상혁 방송통신위원장 후보자를 놓고 ""청와대가 '가짜뉴스' 규제를 초점에 두고 지명한 일이라면 의도 자체가 방송통신위원회의 정치적 중립 독립성을 훼손하는 일""이라고 했다. 
 
 오 원내대표는 이..",http://biz.heraldcorp.com/view.php?ud=20190813000557,
01100801.20190813124223001,20190813,조선일보,홍다영 기자,"조국, ""사노맹 사건 할 말 많지만 인사청문회서 답할 것""",사회>사회일반,,,,,,"황교안,후보자","서울,적선현대빌딩","종로구,행정안전부,사노맹,엠네스티,남한사회주의노동자동맹,자유한국당,남한사회주의과학원,법무부,울산대,국회,국제사면위원회","조국,사노맹,사건,인사청문회,조국,후보자,법무부,장관,남한사회주의노동자동맹,사노맹,사건,인사청문회,충분히,인사청문회,충분히,후보자,13일,9시,인사청문회,준비단,적선현대빌딩,서울,종로구,출근,사건,과거,사노맹,연루,법무부,장관,자격,의견,질문,남색,양복,노타이,차림,텀블러,후보자,울산대,조교수,사노맹,산하,남한사회주의과학원,사건,연루,혐의,국가보안법,위반,5개월,구속,수감,법원,6개월,징역,2년,6개월,집행유예,3년,선고,인권,단체,엠네스티,국제사면위원회,후보자,양심수,선정,이듬해,사면,복권,대표,자유한국당,황교안,전복,국가,顚覆,사람,법무장관,사노맹,무장봉기,달성,사회주의,혁명,폭발물,계획,무기,탈취,캡슐,자살,독극물,반국가,조직,비판,후보자,2005년,정부,민정수석,시절,추진,수사권,조정안,방향,지적,2005년,개인적,법무부,행정안전부,장관,합의,시대,상황,2005년,검사,수사종결권,수사지휘권,우선,의견,개혁,경찰,본격화,상태,수사권,조정,논의,권력기관,개혁,경찰,개혁,동시,진행,전제로,1차,수사종결권,해결,장관,합의,설명,지명,법무부,장관,소셜미디어,SNS,자제,질문,인사청문회,후보자,신중,태도,국민,대표,기관,국회,도리,기본,생각","후보자,사노맹,인사청문회,법무부,수사권,엠네스티,독극물,충분히,남한사회주의과학원,이듬해,수사종결권,6개월,종로구,5개월,서울,사회주의,황교안,자유한국당,민정수석,국가보안법,청문회","조국(54) 법무부 장관 후보자는 이른바 ‘남한사회주의노동자동맹(사노맹)’ 사건과 관련해 ""할 말은 많지만 인사청문회 때 충분히 답하겠다""고 밝혔다. 
 
조 후보자는 13일 오전 9시 25분쯤 인사청문회 준비단이 꾸려진 서울 종로구 적선현대빌딩으로 출근하며 ‘과거 사노맹 사건에 연루돼 법무부 장관으로서 자격이 부적절하다는 의견이 있다’는 질문에 이 같..",http://news.chosun.com/site/data/html_dir/2019/08/13/2019081301385.html?utm_source=bigkinds&utm_medium=original&utm_campaign=news,
01100501.20190813122006006,20190813,문화일보,김유진,"野 “한상혁, 방송 통신 식견 못갖춰” 조국 이어 “부적격”",정치>행정_자치, 사회>미디어, 정치>청와대,,,,"박근혜,문재인,오신환,김성태,박성중",,"방통위,과학기술정보방송통신위원회,국회,과학기술정보통신부,바른미래당,청와대,자유한국당,방송통신위,유튜브,법무부,특별위원회,한국당,문화체육관광부","한상혁,방송,통신,식견,조국,부적격,오신환,방통위,전문성,중요,이슈화,가짜뉴스,규제,정치,중립,독립성,훼손,활성화,한국당,보수,유튜브,이야기,가짜뉴스,규제,국회,인사청문회,난항,예상,자유한국당,바른미래당,한상혁,방송통신위원장,지명자,방통위,중립성,방송,통신산업,전반,식견,인물,비판,보수,야당,조국,법무부,장관,지명자,지명자,부적격,대상,지목,국회,인사청문회,문재인,대통령,임명,진통,예상,원내대표,오신환,바른미래당,이날,국회,원내대책회의,방통위원장,인사,청문회,집중적,사안,전문성,가짜뉴스,규제,이슈화,유감,청와대,가짜뉴스,규제,초점,한상혁,지명자,지명,의도,자체,방통위,정치,중립성,독립성,훼손,지적,원내대표,청와대,지명자,공정,방송,방송법,전문가,지명자,시대,4차,산업혁명,인터넷,통신,게임,광고,미디어,융합,방송,통신산업,전반,식견,구비,인물,의문,방통위,과학기술정보통신부,문화체육관광부,전문성,위원장,칼잡이,지적,지형,평소,언론,운동장,한국당,지명자,공식,임명,보수,유튜브,방송,규제,가능성,국회,과학,기술정보방송통신위원회,한국당,간사,김성태,의원,이날,통화,가짜뉴스,구분,국가,구분,독재,지적,위원장,한국당,미디어,특별,위원회,박성중,의원,박근혜,대통령,의혹,필요성,가짜뉴스,규제,언급,보수,성향,유튜브,방송,활성화,지명자,일성,이야기,가짜뉴스,규제,비판,지명자,12일,법률가,표현,자유,중요성,가짜뉴스,허위,조작,정보,표현,범위,자유,보호,허위,조작,정보,표현,극단,혐오,나라,입법례,규제,청와대,14일,지명자,인사청문요청안,7개,장관급,인사,청문,요청안,국회,제출,예정","지명자,가짜뉴스,한국당,방통위,전문성,오신환,청와대,바른미래당,중립성,한상혁,부적격,인사청문회,독립성,위원장,활성화,유튜브,원내대표,산업혁명,방통위원장","오신환 “방통위 전문성 중요한데 

엉뚱하게 가짜뉴스 규제 이슈화 

정치적 중립 독립성 훼손 우려” 



한국당 “보수유튜브 활성화 되니 

가짜뉴스 규제 이야기 판친다” 

국회 인사청문회 난항 예상



자유한국당과 바른미래당이 13일 한상혁 방송통신위원장 지명자에 대해 “방통위의 중립성을 해칠 수 있고, 방송 통신산업 전반에 식견을 갖추지 못한..",http://www.munhwa.com/news/view.html?no=2019081301070430323001,
01100501.20190813120006011,20190813,문화일보,이희권,조국 “사노맹사건 청문회서 할 말 많다”,사회>사건_사고, 국제>국제일반,,,,,"전제로,황교안,후보자","서울,사직로","종로구,사노맹,남한사회주의노동자동맹,자유한국당,보상심의위원회,남한사회주의과학원,명예회복,국무총리,법무부,울산대","청문회,조국,사노맹,사건,석방,사회주의,사노맹,사건,석방,민주주의,발언,과거,수사종결권,논문엔,시대상황,조국,지명자,법무부,장관,과거,남한사회주의노동자동맹,사노맹,사건,연루,전력,자신,논란,인사청문회,충분히,13일,사무실,인사청문회,준비,마련,서울,종로구,사직로,적선,현대,빌딩,출근,지명자,인사청문회,후보자,입장,일문일답,곤란,야당,일각,제기,논란,후보자,자격,입장,지명자,전복,황교안,자유한국당,대표가,국가,조직,사람,법무부,장관,혐의,국가보안법,위반,처벌,사실,거론,언급,인사청문회,논란,해소,의지,지명자,남한사회주의과학원,울산대,재직,시절,사노맹,산하,사건,연루,혐의,국가보안법,위반,6개월,구속,수감,이력,지명자,집행유예,선고,언론인터뷰,헌법,민주,기본,질서,그동안,자본주의,민주주의,간주,민주적,개념,사회주의,민주주의,포함,사노맹,개혁,사회주의,체제,건설,노동자,정당,1980년대,결성,지하조직,국무총리,산하,민주,운동,보상심의위원회,관련자,명예회복,보상,심의,위원회,사노맹,사건,유죄,선고,박노해,백태웅,인사,민주,운동,인정,14년,자신,작성,수사권,조정,입장,태도,지적,시대,상황,해명,2005년,지명자,검찰,경찰,수사권,조정,원칙,방향,검사,수사종결권,수사지휘권,유지,검사,수사지휘권,폐지,1차,수사,종결,경찰,뼈대,수사권,조정안,차이,지명자,2005년,개인,정부,수사권,조정안,2018년,장관,법무부,행정안전부,장관,합의문,주장,주체,설명,경찰,개혁,본격화,상태,수사권,조정,권력기관,개혁안,경찰,개혁,동시,진행,수사종결권,해결,전제로,1차,수사,종결,장관,합의,해명","지명자,수사권,사노맹,인사청문회,민주주의,사회주의,청문회,법무부,수사종결권,후보자,수사지휘권,국가보안법,1차,사직로,서울,명예회복,울산대,6개월,노동자,전제로,황교안,관련자,조정안,충분히","- 사노맹 사건 석방 직후 “사회주의도 민주주의” 발언 



과거 ‘檢수사종결권’ 논문엔

“지금은 시대상황 바뀌었다”



조국(54) 법무부 장관 지명자가 과거 남한사회주의노동자동맹(사노맹) 사건에 연루됐던 전력 등 자신을 둘러싼 논란에 대해 “할 말은 많지만, 인사청문회에서 충분히 답하겠다”고 밝혔다. 



13일 오전 인사청문회 준비 사무실이..",http://www.munhwa.com/news/view.html?no=2019081301070927330001,
08100401.20190813114203001,20190813,YTN,권남기,"조국 법무장관 후보자 ""사노맹 사건 할 말 많지만...""",사회>사회일반,,,,,,후보자,,"사노맹,법무부,국회","사건,조국,법무장관,후보자,사노맹,후보자,조국,법무부,과거,국가보안법,위반,혐의,실형,사면,복권,사노맹,사건,연루,논란,청문회,충분히,후보자,취재진,출근길,일문일답,조국,후보자,법무부,장관,사건,과거,사노맹,장관,자격,부족,목소리,인사청문회,충분히,인사청문회,충분히,소셜미디어,소통,지난주,지명,인사청문회,국민,대표,기관,국회,기본,도리,생각,권남기,kwonnk09","충분히,사노맹,후보자,인사청문회,법무부,출근길,권남기,취재진,소셜미디어,국가보안법,일문일답,청문회,법무장관,kwonnk09,과거,조국,장관,사건,국회,혐의,논란,생각,도리,기본,대표,기관,소통,사면,부족,실형","[앵커]
조국 법무부 후보자가 과거 국가보안법 위반 혐의로 실형을 받은 뒤 사면 복권됐던 사노맹 사건 연루 논란에 대해 할 말은 많지만 청문회에서 충분히 답하겠다고 말했습니다.

조 후보자의 오늘 출근길 취재진과 일문일답 직접 보시죠.

[조국 / 법무부 장관 후보자]
(과거 사노맹 사건을 두고 장관으로서 자격이 부족하다는 목소리가 나오고 있는데 .) ..",https://www.ytn.co.kr/_ln/0103_201908131140195186,
02100701.20190813113134001,20190813,헤럴드경제,김진원 기자,조국 “시대 상황 바뀌었다 경찰에 수사종결권 필요”,사회>사건_사고,,,,,,"김부겸,박상기,유시민,은수미,후보자","서울,적선동","검찰,국회,남한사회주의노동자연맹,대학원,법무부,사노맹,성남시,울산대,의학전문대학원,종로구,행정안전부","조국,시대,상황,경찰,수사종결권,조국,법무부장관,후보자,수사권,조정안,시대,상황,경찰,사건,종결,부여,강조,후보자,이날,서울,종로구,적선동,사무실,출근,검찰,수사,종결,정부,검찰,개혁,방향,취재진,질문,후보자,2005년,수사종결권,검사,경찰,수사지휘권,유지,입장,장관,박상기,법무부,장관,김부겸,행정안전부,합의,수사권,조정안,수사지휘권,폐지,경찰,독자적,수사,종결,후보자,2005년,2018년,차이,합의문,장관님,합의문,2005년,개인적,시대,상황,2005년,검찰,개혁,본격화,상태,개혁,권력,기관,검찰,개혁,동시,진행,1차,수사,종결,장관,합의,후보자,과거,남한사회주의노동자연맹,사노맹,사건,연루,인사청문회,충분히,인사청문회,충분히,대학원,재직,시절,유시민,장관,은수미,성남시장,사노맹,사건,가담,울산대,교수,신분,구속,집행유예,특목고,비판적,입장,자녀,외고,의학전문대학원,진학,논란,청문회,상황,말씀,갈음,후보자,소셜,미디어,정치,견해,장관,후보자,지목,발언,인사청문회,후보자,신중,태도,청문회,국민,대표기관,국회,도리,기본,생각,김진원","후보자,인사청문회,청문회,충분히,수사지휘권,합의문,조정안,수사권,사무실,서울,울산대,대학원,사노맹,유시민,1차,박상기,법무부,김부겸,행정안전부,수사종결권","조국(54) 법무부장관 후보자가 검 경 수사권 조정안에 대해 “시대적 상황이 바뀌었다”며 경찰에 사건 종결권을 부여할 필요가 있다고 강조했다. 
 
 조 후보자는 이날 오전 서울 종로구 적선동 사무실로 출근하며 ‘2005년 검찰이 수사 종결권을 가져야 한다고 했는데, 지금 정부 검찰 개혁 방향과 다른 게 아니냐’는 취재진의 질문에 이같이 답했다. 
 
..",http://biz.heraldcorp.com/view.php?ud=20190813000483,
02100801.20190813112620001,20190813,아시아경제,강나훔,신념인가 견제인가 조국 저격 나선 황교안,국제>국제일반,,,,,,"문재인,황,황교안,후보자",,"사노맹,자유한국당,남한사회주의노동자동맹,남한사회주의과학원,법무부,울산대,국회,최고위원회의,한국당","신념,견제,조국,저격,황교안,지명,조국,법무부,장관,후보자,자유한국당,반발,황교안,대표,과거,전력,장관,임명,거부감,사실상,조국,선봉,모양새,대표,최고,위원,회의,후보자,과거,남한사회주의노동자동맹,사건,실형,선고,사람,국가,전복,조직,사람,법무부,장관,얘기,비판,후보자,울산대,조교수,재직,시절,사노맹,산하,남한사회주의과학원,설립,참여,혐의,국가보안법,위반,5개월,구속,수감,법원,6개월,징역,2년,6개월,집행유예,3년,선고,대표,사노맹,무장봉기,달성,사회주의,혁명,폭발물,무기,탈취,계획,캡슐,자살,독극물,반국가,조직,후보자,일들,자기반성,그동안,한국당,후보자,행동,알러지,반응,후보자,권력,문재인,정부,핵심,자리,주자,대권,거론,견제,심리,작용,대표가,조국,관점,시각,후보자,자리,대표,법무,장관,후보자,문재인,정부,핵심,국정,검찰개혁,법무,탈검찰,자신,임기,사명,대표,과거,자신,자리,친정,검찰,자체,자존심,해석,미스터,국보법,대표,과거,별명,연관,대표,공안통,검사,시절,경력,만큼,검사,경력,공안,분야,국보법,해설서,집필,경력,발판,법무부,장관,국무총리,자리,후보자,교수,시절,국보법,세계,시대착오적,법률,주장,주장,사노맹,이력,대표,커리어,부정,해석,대통령,후보자,8,지명,7명,장관,위원장,후보자,인사청문요청안,국회,발송,본격적,청문,정국,시작,한국당,조국,낙마,파상공세,예고,만큼,극렬,대치,정국,예상","후보자,사노맹,법무부,국보법,만큼,독극물,남한사회주의과학원,문재인,한국당,황교안,5개월,사회주의,6개월,일들,울산대,7명","[아시아경제 강나훔 기자] 조국 법무부 장관 후보자 지명에 대한 자유한국당의 반발이 거세다. 특히 황교안 대표는 그의 과거 전력까지 들추며 장관 임명에 강한 거부감을 드러내고 있다. 사실상 '조국 때리기' 선봉에 나선 모양새다.황 대표는 12일 최고위원회의에서 조 후보자에 대해 ""과거 '남한사회주의노동자동맹' 관련 사건으로 실형까지 선고받았던 사람""이라..",http:www.asiae.co.kr/article/2019081311221792217,
02100801.20190813111545001,20190813,아시아경제,황진영,조국 등 7명 인사청문요청안 내일 송부 추석 전 임명 수순,정치>청와대,,,,,,"이정옥,문재인,최기영,한상혁,조성욱,윤석열,김현수,후보자,김진태",아시아,"원포인트,국회,방송통신위원회,페이스북,여성가족부,법제사법위원회,금융위원회,과학기술정보통신부,법사위,청와대,자유한국당,오전,농림축산식품부,법무부,공정거래위원회","조국,7명,인사,청문,요청,송부,추석,수순,임명,문재인,대통령,9일,개각,지명,조국,법무부,장관,후보자,장관급,7명,인사청문요청안,국회,제출,후보자들,인사청문회,낙마,추석,임명,절차,마무리,구상,관계자,청와대,고위,13일,아시아경제,전화통화,인사,청문,요청안,제출,준비,대로,14일,인사,청문회,대상자,후보자,최기영,과학,정보,통신부,김현수,농림축산식품부,이정옥,후보자,여성가족부,장관,한상혁,방송통신위원회,조성욱,공정거래위원회,은성수,후보자,금융위원회,위원장,7명,14일,요청안,발송,국회,2일,2일,청문회,인사청문회법,국회,인사,청문,요청안,제출,20일,청문,절차,마무리,만일,국회,시한,보고서,송부,대통령,10일,범위,기간,보고서,요청,대통령,지정,기간,국회,보고서,대통령,임명,강행,12일,추석,연휴,시작,추석,임명,절차,마무리,전망,자유한국당,야당,지명,후보자,반발,송곳,인사검증,예고,인사청문회,전운,고조,의원,법제사법위원회,소속,김진태,자유한국당,페이스북,청문회,윤석열,총장,원포인트,법사위,조국,청문회,조국,지난여름,야당,움직임,관계자,청와대,고위,후보자,야당,제기,정치,공세,성격,성공","후보자,7명,인사청문회,청문회,보고서,자유한국당,인사청문요청안,청와대,대상자,요청안,법제사법위원회,최기영,윤석열,여성가족부,금융위원회,위원장,농림축산식품부,김현수,공정거래위원회,통신부",[아시아경제 황진영 기자] 문재인 대통령이 지난 9일 개각 때 지명한 조국 법무부 장관 후보자 등 장관급 7명에 대한 인사청문요청안을 14일 국회에 제출한다. 후보자들이 인사청문회 과정에서 낙마하지 않을 경우 추석 전까지 임명 절차를 마무리한다는 구상이다. 청와대 고위 관계자는 13일 오전 아시아경제와의 전화통화에서 인사청문요청안 제출 시기에 대해 “준..,http:www.asiae.co.kr/article/2019081309190352251,
08100401.20190813111406001,20190813,YTN,이원형,[오뉴스] 조국 후보 청문회 쟁점 '사노맹과 55억 재산',정치>정치일반, 국제>일본,,범죄>범죄일반>절도,,,"유승민,김민석,김경진,김광수,황주홍,백태웅,박노해,홍,천정배,유성엽,손,홍준표,정동영,황교안,후보자,조배숙,황,최형진,최재성,지소미아,김태우,이지현,김도식,박지원,안철수","프랑스,독일,미국,일본,아베,서울,중국,조선,한국,북한,영국,이란,대한민국","간담회,사노맹,국가안전기획부,울산대,학도호국단,성북구,YTN,WTO,이란,자유한국당,민주당,일본,남한사회주의노동자동맹,더불어민주당,서울대학교,일본군 위안부,뉴스핌,북한,국정원,서초구,어제,바른미래당,사람인,민주평화당,청와대,지도부,한일,법무부,산업통상자원부,한국당","사노맹,조국,후보,청문회,쟁점,재산,YTN라디오,FM,94.5,최형진,방송일시,8월,화요일,진행,최형진,아나운서,출연,이지현,뉴스핌,동영상,텍스트,실제,방송,차이,방송,확인,최형진,아나운서,최형진,1부,인터뷰,뉴스핌,이지현,안녕,이지현,뉴스핌,이지현,안녕,최형진,소식,우리나라,일본,백색국가,제외,결정,이지현,정부,화이트리스트,일본,배제,결정,일본,우리나라,화이트리스트,제외,10일,결정,양국,전면전,모양새,일본,화이트리스트,제외,지난달,수출규제,정부,대화,상황,우리나라,일본,무역,공조,판단,조치,우리나라,그동안,전략,물자,수출,관리,지역,지역,지역,부류,분류,국제수출통제체제,전략물자,이란,북한,우려국가들,테러단체,유입,관리,체제,가입,프랑스,미국,영국,국가,지역,분류,포괄적,수출심사,허용,유효기간,연장,우대,지역,체제,가입,북한,중국,국가들,국가들,허가,개별,품목,규제,심사,지역들,최형진,일본,지역,분류,이지현,지역,지역,지역,지역,지역,신설,일본,국가,실질적,지역,지역,원칙적,수준,심사,최형진,북한,이란,국가들,심사,규제,이지현,원칙적,일본,우리나라,화이트리스트,제외,강도,규제,심사,기간,자체,일본,90일,우리나라,정도,유효기간,일본,우리나라,6개월,정도,허용,우리나라,2년,실질적,규제,수준,우리나라,강도,규제,일본,화이트리스트,제외,맞보복,상응조치,그동안,일본,철회,요구,주장,자유무역조치,WTO,제소,검토,일본,맞대응,최형진,일본,입장,이지현,WTO,맞제소,역공,조심,상응조치,산업,최형진,조치,시행,이지현,사이,변동상황,정도,9월,중순,시행,그전,의견수렴,기한,일본,정부,협의,얘기,여지,일각,화이트리스트,일본,제외,일본,타격,일본,수입,물품,일본,우리나라,수입,조치,철강,금속,품목,영향,최형진,실효성,이지현,최형진,간담회,더불어민주당,일본,경제,침략,대책,특위,일본,이지현,국회,진행,한국,주재,일본,언론인들,간담회,한일,정부,사이,분위기,진행,자리,민주당,의원,사이,일본,설전,일본,특위,위원,우리나라,시민들,냉정,태도,지자체들,반일감정,조장,비판,생각,이야기,위원장,최재성,특위,원인제공,외교적,경제보복,아베,정부,조치,생각,반문,날선,공방,최형진,이야기,이지현,부위원장,김민석,특위,부당,경제보복,시작,일본,한국,정부,지자체,위반,WTO,규정,언급,가소,표현,이날,간담회,화두,한일,군사,정보,보호,협정,지소미아,폐기,이야기,일본,언론인들,정부,입장,정리,직접적,언급,최재성,위원장,일본,대한민국,안보,신뢰,국가,규정,지소미아,연장,모순,아베,총리,이야기,일본,수출규제,부품소재,반도체,핵심,부품,소재,수출,허용,일본,완화,조치,조치,김민석,부위원장,1000명,4살,응석받이,어린애,정신,아베,정부,원색적,얘기,최형진,분위기,이지현,최형진,번째,청와대,금요일,2기,내각,쟁점,조국,법무부,장관,후보자,이지현,조국,후보자,임명,민정수석,법무부,장관,영전,비판,임명,그날,야당,문재인,대통령,전쟁,선포,협치,포기,원색적,비난,야당,논란,논란,사노맹,활동,이력,논란,사노맹,조직,남한사회주의노동자동맹,줄임말,출신,서울대학교,학도,호국단장,백태웅,박노해,노동자,시인,중심,결성,조직,단체,타도,노태우,군사,독재,정권,수립,민주주의,정권,사회주의,제도로,사회변혁,활동,사건,기소,인원,300명,구형,형량,500년,해방,우리나라,최대,조직사건,평가,1991년,국정원,국가안전기획부,사노맹,조직원들,체포,수배,조직,와해,조국,후보자,1993년,울산대,교수,재직,시절,사노맹,사건,연루,혐의,국가보안법,위반,6개월,징역,1년,집행유예,1년,6개월,실형,선고,전력,대표가,황교안,자유한국당,대표,유명,공안,검사,출신,국가보안법,해설서,본인,집필,사람,회의,사노맹,조직,무장봉기,달성,사회주의,혁명,폭발물,계획,무기,탈취,자살,독극물,제조,단체,세상,국가전복,조직,사람,법무부,장관,비판,요즘,국가안보,조국,후보자,조국,후보자,2010년,언론,인터뷰,옛날,전력,국보법,위반,청문회,통과,언급,본인,대응,주목,이외,야당,쟁점,재산형성,조국,후보자,재산공개,55억,정도,재산,65%,이야기,서초구,자택,서울,자택,원짜리,부인,예금,27억,8억,성북구,상가건물,대지소유,일각,부인,사학재벌,의혹,차례,부인,양상,민정수석,재직,인사검증,실패,야당,조국,후보자,인사검증,사람,여건,낙마,사례,것들,김태우,민정수석실,산하,특별감찰관,민간인,사찰,폭로,재점화,SNS,친일,반일,논란,본인,비판,폴리페서,회전문,인사,본인,당사자,비판,최형진,정리,조국,교수,비판,반일,종족주의,홍준표,대표가,비판,보수,유튜버,발언,이지현,일제강점기,조선,여성들,일본군,위안부,사실,강제징용,허구,주장,조국,수석,구역질,비판,홍준표,대표,진짜,보수,유튜버,비판,상식,보수,우파,생각,보수,홍보,좌파들,얘기,친일,프레임,일갈,대표,요즘,한국당,보수,일본,언급,친일,분위기,형성,당내,고민,상황,조심,홍준표,대표,지도부,쓴소리,직언,일각,대표,분위기,감지,본인,부인,최형진,이야기,대표가,요즘,홍준표,바른말,쓴소리,칭찬,대선,준비,이지현,원래,홍준표,대표가,대선,주자,저번,대선,도전,대표가,유력,대권,주자,요즘,사이,보수,정치인들,대권주자,1위,빈틈,직언,대중들,심리,직언,친박,논란,친박,비박,홍준표,정치,이미지,분위기,최형진,마지막,소식,10명,민주평화당,의원,집단,탈당,이지현,야권,정계개편,급물살,분위기,민주평화당,소속,의원,집단,탈당,원내대표,유성엽,민주평화당,박지원,의원,천정배,의원,탈당,그동안,정동영,민주평화당,대표,사퇴,요구,지도부,체제,내년,총선,승리,지지율,1~2%,고착화,대표님,기득권,시작,요구,정동영,대표,공천권,당권,당권싸움,규정,사퇴,갈등,어제부,10명,집단,탈당,최형진,창당,이지현,신당,창당,대안정치,이름,계획,신당,창당,상황,탈당,이외,김경진,의원,별도,탈당,독자노선,민주평화당,황주홍,김광수,조배숙,정동영,대표,나머지,거취,고민,상황,민주평화당,정동영,대표,1인,체제,상황,1년,산산조각,말씀,대로,신당,창당,제3지대,정치,정치인,신망,외부,인사,시민사회,각계,전문가들,참여,제대로,정책,대안,정당,포부,최형진,바른미래당,내홍,안철수,대표,이야기,독일,소식,이지현,이야기,대표님,측근들,비자,만료,8월,예전,비자,해결,비자,이야기,내년,총선,정치,역할,한국,귀국,분위기,바른미래당,민주평화당,내홍,대표,내년,총선,최형진,대표,이지현,추석,지지율,10%,약속,번복,상황,귀국,안철수,대표,가지,민주평화당,바른미래당,결국,정당,탄생,야권,정계개편,논란들,상황,당장,민주평화당,탈당,대표,바른미래당,손학규,제3지대,이야기,상황,당장,안철수,대표,대표가,노선,야권,정계개편,최형진,측근,김도식,비서실장,이야기,정치권,안철수,대표,사람,정계,복귀,가능성,이지현,측근들,이야기,대표가,고민,사실,독일,한국,정치인들,정치권,역할,주문,정도,마음,본인,모양새,거겠,바른미래당,재건,유승민,대표,야권,정계개편,모양새,최형진,말씀,감사,이지현,감사,최형진,이지현","일본,최형진,이지현,우리나라,민주평화당,대표가,사노맹,홍준표,바른미래당,후보자,그동안,한국,한일,아베,간담회,안철수","YTN라디오(FM 94.5) [최형진의 오~! 뉴스]

□ 방송일시 : 2019년 8월 13일 화요일
□ 진행 : 최형진 아나운서
□ 출연 : 이지현 뉴스핌 기자


 [관련 동영상 보기] 
 



* 아래 텍스트는 실제 방송 내용과 차이가 있을 수 있으니 보다 정확한 내용은 방송으로 확인하시기 바랍니다.

◇ 최형진 아나운서(이하 최형진): 1부 오..",https://www.ytn.co.kr/_ln/0101_201908131112288270,
02100801.20190813111313001,20190813,아시아경제,이기민,"'사노맹 사건 연루' 조국 법무부장관 후보자 ""할 말 많지만 청문회서 답할 것”",사회>사회일반,,,,,,"전제로,황교안,후보자","서울,적선현대빌딩","종로구,사노맹,남한사회주의노동자동맹,자유한국당,남한사회주의과학원,법무부,울산대,국회,대법원","연루,사노맹,사건,후보자,조국,법무부장관,청문회,조국,법무부,장관,후보자,과거,남한사회주의노동자동맹,사노맹,사건,연루,인물,장관,자격,야당,지적,인사청문회,충분히,13일,후보자,이날,9시,분께,사무실,인사청문회,준비단,마련,적선현대빌딩,서울,종로구,출근,기자들,연루,사노맹,사건,대답,사노맹,개혁,사회주의,체제,건설,노동자,정당,1980년대,결성,조직,대표,황교안,자유한국당,전복,국가,사람,법무부,장관,기용,후보자,혐의,국가보안법,위반,처벌,사실,후보자,울산대,교수,재직,사노맹,산하,기구,남한사회주의과학원,설립,참여,혐의,수사,6개월,구속수감,후보자,대법원,징역,1년,집행유예,1년,개월,확정판결,후보자,SNS,게시글,인사청문회,취재진,인사청문회,후보자,신중,테도,국민,대표기관,국회,도리,기본,개인,의견,중요,문재인,정부,방향,수사권,조정,검사,수사,종결,지휘권,유지,주장,후보자,2005년,질문,2005년,개인,정부,수사권,조정안,2018년,장관,법무부,행정안전부,장관,합의문,주장,주체,후보자,2005년,시대적,상황,경찰,개혁,본격화,상태,조정,검경,수사권,조정,권력기관,개혁안,경찰개혁,동시,진행,전제로,일차적,수사,종결,해결,장관,합의","후보자,사노맹,인사청문회,수사권,청문회,검경,법무부,종로구,서울,전제로,게시글,황교안,노동자,자유한국당,준비단,6개월,대법원,분께,사회주의,충분히,국가보안법,법무부장관","[아시아경제 이기민 기자] 조국 법무부 장관 후보자(54)가 과거 남한사회주의노동자동맹(사노맹) 사건에 연루된 인물이라서 장관 자격이 없다는 야당의 지적과 관련해 ""할 말이 많지만, 인사청문회에서 충분히 답하도록 하겠다""고 13일 밝혔다.조 후보자는 이날 오전 9시25분께 인사청문회 준비단 사무실이 마련된 서울 종로구 적선현대빌딩으로 출근했다. 기자들이..",http:www.asiae.co.kr/article/2019081311122004611,
01700201.20190813110056002,20190813,한라일보,연합뉴스 기자  hl@ihalla.com,"황교안 색깔론에 조국 ""사노맹 사건, 할 말 많다""",사회>사회일반,,,,,,"문재인,전제로,황교안,후보자",적선현대빌딩,"종로구,전날,사노맹,남한사회주의노동자동맹,자유한국당,남한사회주의과학원,법무부,울산대,국회,대법원","황교안,색깔론,사건,조국,사노맹,조국,후보자,법무부,장관,과거,남한사회주의노동자동맹,사노맹,사건,연루,장관,자격,부족,야당,비판,인사청문회,충분히,13일,황교안,자유한국당,대표,국가,전복,사람,법무부,장관,기용,후보자,혐의,국가보안법,위반,처벌,사실,거론,이날,9시,인사청문회,사무실,종로구,적선현대빌딩,출근,후보자,취재진,질문,인사청문회,말씀,취지,사노맹,사건,후보자,울산대,교수,재직,사노맹,산하,기구,남한사회주의과학원,설립,참여,혐의,수사,6개월,구속수감,대법원,징역,1년,6개월,집행유예,1년,6개월,확정판결,사노맹,개혁,사회주의,체제,건설,노동자,정당,1980년대,결성,조직,후보자,SNS,게시글,인사청문회,취재진,질문,인사청문회,후보자,신중,태도,국민,대표기관,국회,도리,기본,개인,의견,중요,2005년,문재인,정부,방향,수사권,조정,검사,수사,종결,지휘권,유지,주장,2005년,개인,정부,수사권,조정안,2018년,장관,법무부,행정안전부,장관,합의문,주장,주체,설명,후보자,2005년,시대적,상황,경찰,개혁,본격화,상태,조정,검경,수사권,조정,권력기관,개혁안,경찰개혁,동시,진행,문제해결,전제로,일차적,수사,종결,장관,합의,후보자,이날,자신,QM3,차량,사무실,도착,음료,텀블러","후보자,사노맹,인사청문회,6개월,수사권,법무부,사무실,황교안,검경,청문회,전제로,대법원,노동자,게시글,충분히,사회주의,국가보안법,취재진,개혁안","조국(54) 법무부 장관 후보자가 과거 남한사회주의노동자동맹(사노맹) 사건에 연루됐기에 장관 자격이 부족하다는 야당의 비판에 대해 ""할 말이 많지만, 인사청문회에서 충분히 답하도록 하겠다""고 13일 밝혔다.
 전날 황교안 자유한국당 대표는 ""국가 전복을 꿈꾸던 사람이 법무부 장관에 기용될 수 있느냐""면서 조 후보자가 국가보안법 위반 혐의로 처벌받은 사실..",http://www.ihalla.com/article.php?aid=1565661514637818346,
01100201.20190813110041001,20190813,국민일보,허경구 기자,‘페북’ 끊은 조국 자녀 논란엔 “국민의 대표 앞에서 말하겠다”,사회>사회일반,,,,,,"황교안,후보자","서울,적선현대빌딩","노동자당,사노맹,전날,남한사회주의노동자동맹,명예회복,울산대,국회,대법원,국제엠네스티,종로구,자유한국당,보상심의위원회,남한사회주의과학원,국무총리,의학전문대학원,법무부","페북,조국,자녀,논란,국민,대표,조국,후보자,법무부,장관,남한사회주의노동자동맹,사노맹,활동,이력,자녀,진학,논란,국민,대표,후보자,이날,인사청문회,사무실,적선현대빌딩,서울,종로구,출근,청문회,후보자,입장,일문일답,곤란,취재진,질문,가지,답변,사노맹,사건,장관,자격,부족,의견,질문,인사청문회,충분히,인사청문회,충분히,답변,황교안,자유한국당,대표,국가,전복,사람,법무부,장관,기용,후보자,비판,후보자,활동,울산대,전임강사,시절,사노맹,혐의,국가보안법,위반,6개월,옥살이,남한사회주의과학원,사노맹,산하,사과원,가입,사노맹,건설,노동자당,남한,사회주의,성격,임무,제시,노동자,계급,투쟁,촉구,수록,사상,제2호,제작,판매,혐의,대법원,5월,판결,징역,1년,집행유예,2년,확정,국무총리,산하,민주,운동,보상심의위원회,관련자,명예회복,보상,심의,위원회,사노맹,사건,유죄,선고,박노해,백태웅씨,인사,민주,운동,인정,후보자,수감,국제엠네스티,양심수,선정,후보자,과거,정부,추진,검경,수사권,조정,방향,지적,2005년,2018년,차이,주장,사람,설명,2005년,작성,검찰,경찰,수사권,조정,원칙,방향,검사,수사종결권,수사지휘권,유지,보도,국민일보,8월,일자,6면,주장,후보자,검찰,개혁,본격화,상태,조정,검경,수사권,개혁,권력,기관,검찰,개혁,동시,진행,1차,수사,종결,장관,법무부,행정안전부,장관,합의,설명,과거,특수,목적,학생들,전공,취지,언급,인사청문회,말씀,인사청문회,답변,회피,저서,특목고,자사고,국제고,원래,취지,운영,규제,후보자,외국어고,졸업,이공,계열,대학,진학,의학전문대학원,지적,후보자,소셜미디어,인사청문회,후보자,신중,태도,국민,대표기관,국회,도리,기본,생각","후보자,사노맹,인사청문회,검경,수사권,법무부,6면,충분히,사회주의,국민일보,국제엠네스티,명예회복,종로구,남한,서울,6개월,관련자,1차,황교안,울산대,남한사회주의노동자동맹,국가보안법,청문회","조국(54) 법무부 장관 후보자가 13일 남한사회주의노동자동맹(사노맹) 활동 이력, 자녀의 진학 논란 등과 관련해 “국민의 대표 앞에서 말하겠다”고 말했다. 
 
조 후보자는 이날 오전 인사청문회 사무실이 꾸려진 서울 종로구 적선현대빌딩에 출근해 이같이 말했다. 그는 “청문회를 앞둔 후보자 입장에서 일문일답은 곤란하다”면서도 처음으로 취재진의 질문에 몇..",http://news.kmib.co.kr/article/view.asp?arcid=0013598205&code=61121111&cp=kd,
02100601.20190813110027001,20190813,한국경제,,"조국 ""사노맹 사건 할 말 많아 인사청문회서 답 드릴 것""",사회>사회일반,,,,,,"김창진,박재억,천정훈,김후곤,김수현,황교안,후보자",적선현대빌딩,"종로구,전날,사노맹,자유한국당,남한사회주의과학원,법무부,울산대,국회,대법원,대변인","사건,조국,사노맹,인사청문회,조국,후보자,법무부,장관,인사청문회,제기,전력,과거,국가보안법,위반,혐의,인사청문회,충분히,인사청문회,충분히,13일,황교안,자유한국당,대표,국가,전복,사람,법무부,장관,기용,후보자,혐의,국가보안법,위반,처벌,사실,거론,이날,9시,인사청문회,사무실,종로구,적선현대빌딩,출근,후보자,취재진,질문,인사청문회,말씀,취지,사노맹,사건,후보자,울산대,교수,재직,사노맹,산하,기구,남한사회주의과학원,설립,참여,혐의,수사,6개월,구속수감,대법원,징역,1년,6개월,집행유예,1년,6개월,확정판결,사노맹,개혁,사회주의,체제,건설,노동자,정당,1980년대,결성,조직,후보자,SNS,게시글,인사청문회,취재진,질문,인사청문회,후보자,신중,태도,국민,대표기관,국회,도리,기본,개인,의견,중요,후보자,2005년,민정수석,정부,민정수석,추진,검경,수사권,조정,방향,지적,주체,2005년,검사,수사종결권,수사지휘권,유지,취지,의견,후보자,가지,차이,2005년,2018년,차이,주장,사람,2018년,장관,합의문,2005년,개인적,주장,주체,시대적,상황,경찰,개혁,본격화,상태,조정,검경,수사권,권력기관,개혁,경찰,개혁,동시,진행,전제로,1차,수사종결권,장관,합의,설명,후보자,인사청문회,자료,인사청문회,자료,준비,주력,계획,인사청문회,준비단,기획조정실장,김후곤,법무부,단장,김수현,정책,기획단장,박재억,대변인,김창진,형사,기획,과장,천정훈,기획,재정,담당관,구성","인사청문회,후보자,사노맹,법무부,6개월,검경,민정수석,충분히,청문회,국가보안법,김창진,김수현,천정훈,대법원,황교안,1차,노동자,게시글,수사권,수사종결권,김후곤,사회주의","조국(54) 법무부 장관 후보자가 인사청문회를 앞두고 제기된 과거 국가보안법 위반 혐의 전력에 대해 ""할말은 많지만 인사청문회 때 충분히 답을 드리겠다""고 13일 밝혔다. 
 
전날 황교안 자유한국당 대표는 ""국가 전복을 꿈꾸던 사람이 법무부 장관에 기용될 수 있느냐""면서 조 후보자가 국가보안법 위반 혐의로 처벌받은 사실을 거론했다. 
 
이날 오전 9..",https://www.hankyung.com/politics/article/2019081312237,
02100201.20190813104243001,20190813,머니투데이,최민경 |기자,"조국 ""청문회 앞두고 SNS 자제"" 왜?",사회>사회일반,,,,,,"전제로,후보자","서울,적선현대빌","종로구,검찰,남한사회주의노동자동맹,청문회,검찰개혁방안,법무부,국회","조국,청문회,SNS,자제,사노맹,논란,청문회,검찰개혁,지적,방안,변화,주장,주체,시대상황,서울,뉴스1,유승관,조국,법무부,장관,후보자,13일,준비,국회,인사청문회,사무실,서울,종로구,출근,취재진,질문,2019.8,뉴스1,저작권자,뉴스1코리아,인사청문회,준비,본격적,돌입,조국,법무부,장관,후보자,검찰,수사지휘권,수사종결권,유지,자신,2005년,2005년,2018년,시대,상황,주장,주체,후보자,청문회,준비,사무실,적선현대빌딩,서울,종로구,집필,검찰개혁방안,정부,개혁방안,지적,후보자,2005년,개인,2018년,장관,합의문,주장,경찰,개혁,본격화,상태,검경,수사,조정,권력기관,개혁,경찰,개혁,동시,진행,전제로,1차,수사,종결,장관,합의,설명,남한사회주의노동자동맹,사노맹,사건,연루,장관,자격,부족,논란,지적,인사청문회,충분히,SNS,소셜네트워크서비스,활동,자제,후보자,인사청문회,후보자,신중,신중,태도,국회,국민,대표기관,국회,기본,도리,생각,개인,의견,중요,국민,대표,기본,도리,생각,이날,후보자,이날,9시,분쯤,SUV,차량,운전,회색,양복,노타이,차림,텀블러,사무실,청문회,준비,도착,취재진들,인사청문회,후보자,입장,일문일답,곤란,질문,준비단,대변,문의,가능,범위,말문,취재진,질문,사무실,대조적","후보자,청문회,인사청문회,사무실,서울,취재진,종로구,사노맹,뉴스1,1차,유승관,충분히,sns,소셜,네트워크,노타이,소셜네트워크서비스,suv","[머니투데이 최민경 기자] [[the L]사노맹 논란에 ""할말은 많지만 청문회에서 말하겠다"" 검찰개혁 방안 변화 지적에 ""주장 주체 시대상황 달라져""]

 (서울=뉴스1) 유승관 기자 = 조국 법무부 장관 후보자가 13일 오전 국회 인사청문회 준비를 위해 서울 종로구 사무실로 출근하며 취재진 질문에 답하고 있다. 2019.8.13/뉴스1 <저작권자 © ..",http://news.moneytoday.co.kr/view/mtview.php?no=2019081310228233958&type=2,
01100101.20190813104038001,20190813,경향신문,선명수 기자 sms@kyunghyang.com,"조국, 과거 논문서 ‘검사 수사지휘권 유지’ 입장 “이제 시대적 상황 변해”",사회>사건_사고,,,,,,"조,전제로,황교안",적선현대빌딩,"종로구,사노맹,남한사회주의노동자동맹,자유한국당,법무부,울산대,국회,대법원,사회주의과학원","조국,유지,과거,논문서,검사,수사지휘권,입장,시대적,상황,조국,법무부,장관,내정자,과거,자신,검사,수사,종결,지휘권,유지,견해,시대적,상황,정부,합의,국회,패스트트랙,신속처리안건,지정,조정법안,검경,수사권,조정법,경찰,1차,수사,종결,부여,검사,경찰,수사지휘권,폐지,골자,내정자,13일,사무실,인사청문회,준비,종로구,적선현대빌딩,출근,입장,취재진,질문,2005년,개인,조정안,정부,수사권,2018년,장관,법무부,행정안전부,장관,합의문,주장,주체,2005년,시대적,상황,경찰,개혁,본격화,상태,조정,검경,수사권,조정,권력기관,개혁안,경찰개혁,동시,진행,전제로,1차,수사,종결,해결,장관,합의,내정자,2005년,검찰,경찰,수사권,조정,원칙,방향,검사,수사지휘권,구조조정,경찰국가화,검사,수사종결권,수사지휘권,유지,견해,검사,수사,가급적,내정자,보수야당,색깔론,공세,사노맹,남한사회주의노동자동맹,사건,연루,논란,인사청문회,충분히,대표,황교안,자유한국당,전복,국가,조직,사람,법무부,장관,얘기,내정자,울산대,전임강사,재직,시절,사건,사노맹,산하,사회주의,과학원,연루,대법원,국가보안법,위반,징역,1년,집행유예,1년,선고,사실,거론,내정자,사회관계망서비스,SNS,게시글,취재진,질문,인사청문회,후보자,신중,태도,국민,대표기관,국회,도리,기본","내정자,수사권,수사지휘권,인사청문회,검경,사노맹,법무부,1차,청문회,대법원,충분히,취재진,자유한국당,황교안,울산대,수사종결권,게시글,색깔론,신속처리안건","조국 법무부 장관 내정자가 과거 자신의 논문에서 검사의 수사 종결권과 지휘권을 유지할 필요가 있다는 견해를 밝힌 데 대해 “이제 시대적 상황이 바뀌었다”고 말했다. 지난해 정부 합의 이후 국회 패스트트랙(신속처리안건 지정)에 오른 검경 수사권 조정법안은 경찰에 1차 수사종결권을 부여하고 검사의 경찰에 대한 수사지휘권을 폐지하는 내용을 골자로 한다. 

..",http://news.khan.co.kr/kh_news/khan_art_view.html?artid=201908131039001&code=940100,
01100101.20190813103732001,20190813,경향신문,박용하 기자 yong14h@kyunghyang.com,"이인영 “조국 인사청문회, 공안 조서 작성하는 자리 아냐” 황교안 겨냥",국제>국제일반,,,,,,"이인영,황,황교안,후보자",,"군사정권,간사단 연석회의,자유한국당,남한사회주의노동자동맹,더불어민주당,법무부,국회,한국당","인사청문회,이인영,조국,작성,공안,조서,자리,황교안,겨냥,원내대표,이인영,더불어민주당,후보자,조국,법무부,장관,자유한국당,공세,인사청문회,후보자,공안,조서,작성,자리,공안검사식,이분법,시각,원내대표,이날,국회,원내대책회의,상임위원회,간사단,연석회의,자유한국당,정상적,검증,몰이성,색깔론,주장,인사청문회,보이콧,황교안,한국당,대표,후보자,후보자,과거,남한사회주의노동자동맹,사노맹,사건,실형,선고,사람,국가,전복,사람,개각,문재인,정부,한마디,국민,도전,원내대표,대표,후보자,색깔론,공세,총칼,집권,군사정권,민주주의,열정,폄하,한국당,장관,후보자,척결,좌익,용공,한국당,국회,차례,보이콧,기록,후보자,인사청문회,보이콧,운운,걱정,원내대표,이념,정쟁,골몰,한국당,인사청문회,결산,심사,8월,국회,협조","후보자,인사청문회,원내대표,한국당,색깔론,황교안,이인영,자유한국당,문재인,더불어민주당,상임위원회,위원회,군사정권,민주주의,사노맹,간사단,남한사회주의노동자동맹,한마디,연석회의,원내대책회의,청문회,공안검사식,법무부","이인영 더불어민주당 원내대표가 13일 조국 법무부 장관 후보자를 향한 자유한국당의 공세에 대해 “조 후보자 인사청문회는 공안 조서를 작성하는 자리가 아니다”라며 “공안검사식의 이분법적 시각에서 벗어나라”고 말했다.

이 원내대표는 이날 국회에서 열린 원내대책회의 상임위원회 간사단 연석회의에서 “자유한국당이 벌써 정상적인 검증 대신 몰이성적 색깔론을 들이..",http://news.khan.co.kr/kh_news/khan_art_view.html?artid=201908131036001&code=910402,
01100701.20190813103634001,20190813,세계일보,박태훈,"박지원 ""황교안의 조국 반대는 김학의 사건 연루 방어용""",정치>국회_정당, 정치>행정_자치,,,,,"박,김학의,김 차관,윤석열,황,검찰총장,황교안,후보자,박지원,박영선",,"법사위,YTN,황교안 당시,민주당,자유한국당,연합뉴스,법무부,중소벤처기업부","박지원,황교,조국,반대,김학의,사건,연루,방어,의원,무소속,박지원,황교안,사진,자유한국당,대표가,조국,법무부,장관,후보자,국가보안법,사노맹,사건,위반,전력,비토,김학의,사건,법무부,차관,사전,방어용,의원,인사청문회,인사청문회,김학의,사건,대표,수사,의향,후보자,의원,노영희,이날,YTN,라디오,출발,출연,전복,대표가,국가,사람,법무부,장관,장관,황교안,대표가,조국,법무부,김학의,사건,방어,이야기,박영선,장관,법사위원장,사건,김학의,황교안,법무부,장관,질문,사실,지적,의원,6월,3월,국회,인사청문회,박영선,중소벤처기업부,장관,후보,김학의,차관,임명,직전,장관,6월,황교안,법무부,법사위원장,동영상,CD,확인,사실,경고,영상,박지원,대표,황교안,대표,장관,차관,임명,이틀,기억,존재,김학의,CD,장관,주장,부인,박지원,의원,청문회,황교안,윤석열,검찰총장,청문회,황교안,법무부,장관,수사,질문,곤란,답변,대표가,민주당,추궁,박영선,인사청문회,조국,인사,청문회,대표가,김학의,사건,여부,박태훈,사진","김학의,대표가,황교안,박지원,인사청문회,법무부,후보자,박영선,법사위원장,청문회,방어용,박태훈,자유한국당,윤석열,무소속,중소벤처기업부,노영희",무소속 박지원 의원은 13일 황교안(사진) 자유한국당 대표가 조국 법무부 장관 후보자에 대해 국가보안법(사노맹 사건) 위반 전력이 있다며 비토한 것은 김학의 전 법무부 차관 사건에 물려 들어가는 것을 사전에 막기 위한 방어용이라고 단했다. 따라서 박 의원은 역으로 인사청문회 때 김학의 사건과 관련해 황 대표를 수사할 의향이 있는지 조 후보자에게 묻겠다고..,http://www.segye.com/content/html/2019/08/13/20190813503409.html,
08100401.20190813103606002,20190813,YTN,권남기,"조국 ""사노맹 사건, 청문회서 충분히 답변할 것""",사회>사회일반,,,,,,후보자,"서울,적선현대빌딩,적선동","사노맹,검찰,법무부,국회","사건,조국,사노맹,청문회,충분히,답변,장관,지명,자신,논란,조국,법무부,장관,후보자,논란,사노맹,사건,청문회,충분히,후보자,13일,사무실,인사청문회,준비,적선현대빌딩,서울,적선동,출근,취재진,질문,자리,후보자,혐의,국가보안법,위반,실형,선고,사노맹,사건,질문,인사청문회,충분히,인사청문회,충분히,즉답,지명,지난주,장관,SNS,활동,중지,국민,대표,기관,국회,도리,생각,후보자,검찰,수사,지휘,종결권,자신,정부,방안,검찰,개혁,질문,개인적,시대적,상황,설명,권남기,kwonnk09","후보자,충분히,인사청문회,사노맹,적선동,서울,국가보안법,청문회,kwonnk09,권남기,종결권,적선현대빌딩,sns,취재진,사무실,법무부,질문,검찰,장관,사건,조국,자신,논란,활동","장관 지명 이후 자신을 둘러싼 논란에 대해 말을 아끼던 조국 법무부 장관 후보자가, 사노맹 사건 논란 등에 대해 청문회에서 충분히 답하겠다고 밝혔습니다.

조 후보자는 오늘(13일) 오전 인사청문회 준비 사무실이 꾸려진 서울 적선동 적선현대빌딩에 출근하면서 취재진의 여러 질문에 이같이 답했습니다.

이 자리에서 조 후보자는 국가보안법 위반 혐의로 실형을..",https://www.ytn.co.kr/_ln/0103_201908131035084889,
01100201.20190813103406001,20190813,국민일보,문동성 기자,‘몸 사리는 조국’ 뜸해진 SNS 활동에 “후보자로서 신중해야”,사회>사회일반,,,,,,"전제로,황교안,후보자","서울,적선현대빌딩","전날,사노맹,남한사회주의노동자동맹,국회,울산대,대법원,페이스북,과학원,종로구,청와대,자유한국당,법무부,남한사회주","조국,SNS,활동,후보자,신중,조국,후보자,법무부,장관,13일,SNS,활동,인사청문회,후보자,신중,태도,민정수석,그간,청와대,민정,수석,재직,페이스북,SNS,개인,의견,행보,국회,인사청문회,평가,후보자,이날,9시,분쯤,인사청문회,사무실,적선현대빌딩,서울,종로구,출근,기자들,SNS,게시글,인사청문회,질문,후보자,인사청문회,염두,국민,대표기관,국회,도리,기본,강조,개인,의견,중요,후보자,이날,자신,QM3,차량,사무실,도착,음료,텀블러,후보자,인사청문회,평가,후보자,청와대,민정,수석,근무,SNS,개인,의견,청와대,수석,장관,후보자,지명,기간,SNS,사견,행위,후보자,법무부,장관,지명,상황,여권,관계자,후보자,글들,야당,자극,일들,청문회,야당,생각,장관,페이스북,개인의견,글들,지적,여권,관계자,후보자,SNS,말들,후보자,인사청문회,그간,지속,논란,부분들,입장,고수,과거,남한사회주의노동자동맹,사노맹,사건,연루,장관,자격,부족,야당,비판,인사청문회,충분히,사노맹,사건,황교안,자유한국당,대표,국가,전복,사람,법무부,장관,기용,후보자,혐의,국가보안법,위반,처벌,사실,언급,후보자,울산대,교수,재직,사노맹,산하,기구,남한,사회주의,과학원,설립,참여,혐의,수사,6개월,구속수감,대법원,징역,1년,6개월,집행유예,1년,6개월,확정판결,사노맹,개혁,사회주의,체제,건설,노동자,정당,1980년대,결성,조직,후보자,2005년,문재인,정부,방향,수사권,조정,검사,수사,종결,지휘권,유지,주장,2005년,개인,정부,수사권,조정안,2018년,장관,법무부,행정안전부,장관,합의문,주장,주체,설명,후보자,2005년,시대적,상황,경찰,개혁,본격화,상태,조정,검경,수사권,조정,권력기관,개혁안,경찰개혁,동시,진행,전제로,일차적,수사,종결,해결,장관,합의","후보자,인사청문회,sns,사노맹,6개월,그간,청문회,청와대,수사권,사회주의,법무부,글들,사무실,검경,페이스북,대법원,전제로,종로구,황교안,노동자,서울,일들,국가보안법","조국(54) 법무부 장관 후보자가 13일 최근 뜸해진 SNS 활동에 대해 “인사청문회를 앞둔 후보자로서 모든 문제에서 신중한 태도를 취해야 한다”고 말했다. 그간 청와대 민정수석으로 재직하면서 페이스북 등 SNS에 개인 의견을 쏟아내던 때와는 다른 행보다. 국회 인사청문회를 앞두고 ‘몸 사리기’에 나섰다는 평가가 나온다. 
 
조 후보자는 이날 오전 9..",http://news.kmib.co.kr/article/view.asp?arcid=0013598075&code=61121311&cp=kd,
01100901.20190813101926001,20190813,중앙일보,한영혜(han.younghye@joongang.co.kr),"조국 ""사노맹 사건 할 말 많지만, 인사청문회서 답하겠다""",사회>사회일반,,,,,,"전제로,황교안,후보자","서울,적선현대빌딩","종로구,사노맹,남한사회주의노동자동맹,검찰,자유한국당,남한사회주의과학원,법무부,국회,울산대,대법원","사건,조국,사노맹,인사청문회,인사청문회,준비,조국,후보자,법무부,장관,출근길,취재진,질문,극도,모습,후보자,이날,9시,분쯤,인사청문회,사무실,적선현대빌딩,서울,종로구,출근,셔츠,노타이,차림,남색,정장,빨간색,텀블러,후보자,취재진,연일,수고,기자들,존경,인사,가능,범위,답변,질문,후보자,과거,남한사회주의노동자동맹,사노맹,활동,장관,자격,목소리,질문,인사청문회,충분히,특목고,학생들,전공,청문회,상황,검찰,수사종결권,자신,질문,2005년,개인,정부,수사권,조정안,2018년,장관,법무부,행정안전부,장관,합의문,주장,주체,설명,시대,상황,경찰개혁,본격화,상태,경수사권,조정,권력기관,개혁안,경찰개혁,동시,진행,전제로,1차,수사종결권,장관님,합의,설명,후보자,지명,소셜미디어,활동,자제,인사청문회,후보자,신중,신중,태도,인사청문회,국민,대표,기관,국회,기본,도리,생각,그전,개인,의견,중요,국민,대표,기본,도리,생각,황교안,자유한국당,대표,국가,전복,사람,법무부,장관,기용,후보자,혐의,국가보안법,위반,처벌,사실,거론,후보자,울산대,교수,재직,사노맹,산하,기구,남한사회주의과학원,설립,참여,혐의,수사,6개월,구속수감,대법원,징역,1년,6개월,집행유예,1년,6개월,확정판결,사노맹,개혁,사회주의,체제,건설,노동자,정당,1980년대,결성,조직","후보자,사노맹,인사청문회,6개월,청문회,법무부,취재진,대법원,종로구,서울,노동자,1차,경찰개혁,황교안,충분히,출근길,수사종결권,사회주의,국가보안법,수사권,기자들","인사청문회 준비 중인 조국(54) 법무부 장관 후보자가 13일 출근길에 취재진 질문에 적극적으로 답했다. 극도로 말을 아꼈던 전날과는 다른 모습이다. 
 
 조 후보자는 이날 오전 9시25분쯤 인사청문회 사무실이 꾸려진 서울 종로구 적선현대빌딩에 출근했다. 흰 셔츠에 노타이, 남색 정장 차림으로 빨간색 텀블러를 들고 나타난 조 후보자는 기다리고 있던 취..",https://news.joins.com/article/olink/23143259,
01100701.20190813101905001,20190813,세계일보,,"조국 ""사노맹 사건, 할 말 많다 인사청문회서 답할 것""",사회>사회일반,,,,,,"문재인,전제로,황교안,후보자",적선현대빌딩,"종로구,전날,사노맹,남한사회주의노동자동맹,자유한국당,남한사회주의과학원,법무부,울산대,국회,대법원","사건,조국,사노맹,인사청문회,조국,후보자,법무부,장관,과거,남한사회주의노동자동맹,사노맹,사건,연루,장관,자격,부족,야당,비판,인사청문회,충분히,13일,황교안,자유한국당,대표,국가,전복,사람,법무부,장관,기용,후보자,혐의,국가보안법,위반,처벌,사실,거론,이날,9시,인사청문회,사무실,종로구,적선현대빌딩,출근,후보자,취재진,질문,인사청문회,말씀,취지,사노맹,사건,후보자,울산대,교수,재직,사노맹,산하,기구,남한사회주의과학원,설립,참여,혐의,수사,6개월,구속수감,대법원,징역,1년,6개월,집행유예,1년,6개월,확정판결,사노맹,개혁,사회주의,체제,건설,노동자,정당,1980년대,결성,조직,후보자,SNS,게시글,인사청문회,취재진,질문,인사청문회,후보자,신중,태도,국민,대표기관,국회,도리,기본,개인,의견,중요,2005년,문재인,정부,방향,수사권,조정,검사,수사,종결,지휘권,유지,주장,2005년,개인,정부,수사권,조정안,2018년,장관,법무부,행정안전부,장관,합의문,주장,주체,설명,후보자,2005년,시대적,상황,경찰,개혁,본격화,상태,조정,검경,수사권,조정,권력기관,개혁안,경찰개혁,동시,진행,전제로,일차적,수사,종결,해결,장관,합의,후보자,이날,자신,QM3,차량,사무실,도착,음료,텀블러","후보자,사노맹,인사청문회,6개월,수사권,청문회,법무부,사무실,검경,전제로,황교안,대법원,노동자,게시글,충분히,국가보안법,사회주의,취재진,개혁안","조국(54) 법무부 장관 후보자가 과거 남한사회주의노동자동맹(사노맹) 사건에 연루됐기에 장관 자격이 부족하다는 야당의 비판에 대해 ""할 말이 많지만, 인사청문회에서 충분히 답하도록 하겠다""고 13일 밝혔다. 
 
 전날 황교안 자유한국당 대표는 ""국가 전복을 꿈꾸던 사람이 법무부 장관에 기용될 수 있느냐""면서 조 후보자가 국가보안법 위반 혐의로 처벌받은..",http://www.segye.com/content/html/2019/08/13/20190813503701.html,
01200201.20190813101448001,20190813,경인일보,손원태,"조국 ""사노맹 사건, 할 말 많지만 인사청문회서 답할 것""",사회>사회일반,,,,,,"문재인,전제로,황교안,후보자",적선현대빌딩,"종로구,전날,사노맹,남한사회주의노동자동맹,자유한국당,남한사회주의과학원,법무부,울산대,국회,대법원","사건,조국,사노맹,인사청문회,조국,후보자,법무부,장관,과거,남한사회주의노동자동맹,사노맹,사건,연루,장관,자격,부족,야당,비판,인사청문회,충분히,13일,황교안,자유한국당,대표,국가,전복,사람,법무부,장관,기용,후보자,혐의,국가보안법,위반,처벌,사실,거론,이날,9시,인사청문회,사무실,종로구,적선현대빌딩,출근,후보자,취재진,질문,인사청문회,말씀,취지,사노맹,사건,후보자,울산대,교수,재직,사노맹,산하,기구,남한사회주의과학원,설립,참여,혐의,수사,6개월,구속수감,대법원,징역,1년,6개월,집행유예,1년,6개월,확정판결,사노맹,개혁,사회주의,체제,건설,노동자,정당,1980년대,결성,조직,후보자,SNS,게시글,인사청문회,취재진,질문,인사청문회,후보자,신중,태도,국민,대표기관,국회,도리,기본,개인,의견,중요,2005년,문재인,정부,방향,수사권,조정,검사,수사,종결,지휘권,유지,주장,2005년,개인,정부,수사권,조정안,2018년,장관,법무부,행정안전부,장관,합의문,주장,주체,설명,후보자,2005년,시대적,상황,경찰,개혁,본격화,상태,조정,검경,수사권,조정,권력기관,개혁안,경찰개혁,동시,진행,전제로,일차적,수사,종결,해결,장관,합의,후보자,이날,자신,QM3,차량,사무실,도착,음료,텀블러,손원태기자","후보자,인사청문회,사노맹,6개월,사무실,수사권,법무부,검경,청문회,전제로,황교안,대법원,노동자,충분히,게시글,국가보안법,사회주의,취재진,손원태기자,텀블러","조국(54) 법무부 장관 후보자가 과거 남한사회주의노동자동맹(사노맹) 사건에 연루됐기에 장관 자격이 부족하다는 야당의 비판을 놓고 ""할 말이 많지만, 인사청문회에서 충분히 답하겠다""고 13일 밝혔다. 
 
전날 황교안 자유한국당 대표는 ""국가 전복을 꿈꾸던 사람이 법무부 장관에 기용될 수 있느냐""면서 조 후보자가 국가보안법 위반 혐의로 처벌받은 사실을 ..",http://www.kyeongin.com/main/view.php?key=20190813010004171,
02100101.20190813101346001,20190813,매일경제,,"조국 법무부장관 후보자 ""사노맹 사건 할말 많다 청문회서 답할 것""",사회>사회일반,,,,,,"황교안,후보자",적선현대빌딩,"종로구,전날,사노맹,남한사회주의노동자동맹,자유한국당,남한사회주의과학원,법무부,울산대,대법원","사건,조국,법무부장관,후보자,사노맹,청문회,조국,후보자,법무부,장관,과거,남한사회주의노동자동맹,사노맹,사건,연루,장관,자격,부족,야당,비판,인사청문회,충분히,13일,황교안,자유한국당,대표,국가,전복,사람,법무부,장관,기용,후보자,혐의,국가보안법,위반,처벌,사실,거론,이날,9시,인사청문회,사무실,종로구,적선현대빌딩,출근,후보자,취재진,질문,인사청문회,말씀,취지,사노맹,사건,후보자,울산대,교수,재직,사노맹,산하,기구,남한사회주의과학원,설립,참여,혐의,수사,6개월,구속수감,대법원,징역,1년,6개월,집행유예,1년,6개월,확정판결,사노맹,개혁,사회주의,체제,건설,노동자,정당,1980년대,결성,조직","후보자,사노맹,6개월,인사청문회,청문회,법무부,황교안,대법원,노동자,충분히,사회주의,국가보안법,종로구,적선현대빌딩,사무실,자유한국당,남한사회주의과학원,구속수감,울산대,집행유예,취재진,남한사회주의노동자동맹,확정판결,법무부장관","조국(54) 법무부 장관 후보자가 과거 남한사회주의노동자동맹(사노맹) 사건에 연루됐기에 장관 자격이 부족하다는 야당의 비판에 대해 ""할 말이 많지만, 인사청문회에서 충분히 답하도록 하겠다""고 13일 밝혔다.
전날 황교안 자유한국당 대표는 ""국가 전복을 꿈꾸던 사람이 법무부 장관에 기용될 수 있느냐""면서 조 후보자가 국가보안법 위반 혐의로 처벌받은 사실을..",http://news.mk.co.kr/newsRead.php?year=2019&no=623365,
02100851.20190813095656001,20190813,아주경제,김도형,"​이인영 ""조국 인사청문회, 공안조서 작성하는 자리 아냐""",국제>유럽_EU,,,,,,"문희상,나경원,이인영",,"군사정권,간사단 연석회의,조국,자유한국당,더불어민주당,교섭단,법무부,국회,한국당","인사청문회,이인영,조국,공안,조서,작성,자리,원내대표,이인영,더불어민주당,지명자,조국,법무부,장관,인사청문회,자리,공안조서,작성,자리,원내대표,이날,국회,원내대표단,상임위원회,간사단,연석회의,자유한국당,정상적,검증,몰이성,색깔론,보이콧,원내대표,지명자,국가전복,사람,법무부,장관,색깔론,총칼,집권,군사정권,세상,민주주의,열정,폄하,한국당,장관,지명자,척결,좌익용공,시각,공안,검사,이분법,이념,정쟁,골몰,한국당,인사청문회,결산,8월,국회,적극,협조,요청,12일,국회,원내대표들,문희상,국회의장,주재,교섭단체,원내,대표,회동,원내대표,더불어민주당,이인영,취재진,대화,이날,회동,원내대표,자유한국당,나경원,휴가,불참","원내대표,인사청문회,이인영,색깔론,자유한국당,지명자,이분법,한국당,더불어민주당,공안조서,교섭단체,문희상,나경원,법무부,군사정권,민주주의,위원회,상임위원회,간사단,좌익용공,대표단,국회의장,원내대표들,연석회의,국가전복,원내대표단,취재진","이인영 더불어민주당 원내대표가 13일 ""조국 법무부 장관 지명자의 인사청문회 자리는 공안조서를 작성하는 자리가 아니다""고 말했다.이 원내대표는 이날 오전 국회에서 열린 원내대표단-상임위원회 간사단 연석회의에서 이렇게 밝히면서 ""자유한국당은 벌써부터 정상적인 검증 대신 몰이성적 색깔론을 들이대고 보이콧까지 서슴지 않고 있다""고 했다.이 원내대표는 ""특히 ..",http://www.ajunews.com/view/20190813095416363,
08100401.20190813084603001,20190813,YTN,이원형,"[노영희의출발새아침] 박지원 ""황교안, 조국 장관되면 김학의 사건으로 문제 생길수도""",정치>외교, 정치>북한, 정치>행정_자치,,,,"김정은,트럼프,박영선,노영희,문재인,홍준표,김대중,김학의,윤석열,검찰총장,황교안,폼페이오,후보자,박지원","한반도,미국,일본,강대강,한국,북한,한","미국,남한,민주당,일본,검찰,한미동맹,ICB,북한,한미군사,페이스북,실무회,법사위,YTN,재래식,자유한국당,여주지청,법무부","박지원,황교안,조국,장관,김학의,사건,YTN라디오,FM,94.5,노영희,출발,방송일시,8월,화요일,출연자,의원,박지원,무소속,북미실무급회담,8월,9월,선북후미,선미후북,황교안,조국,장관,김학의,사건,수도,조국,사법개혁,적임자,동영상,텍스트,실제,방송,차이,방송,확인,노영희,변호사,노영희,2부,의원,무소속,박지원,의원,박지원,무소속,박지원,대안,웃음,노영희,이야기,북한,이슈,우리나라,최고,전문가,안보,이슈,정치권,이슈,말씀,북한,도발,생각,박지원,북한,이야기,회담,북미,실무,8말,김정은,친서,트럼프,대통령,폼페이오,국무장관,이야기,실무회담,비핵화,영변,플러스알파,폐기,재래식,무기,북한,아무것,의미,6,수준,북한,고난,행군,핵무기,ICBM,전력투구,비핵화,국방상,결과,상대적,일본,한국,정부,한국,정부,대형,수송,이지스함,건조,개혁,F-,35A,스텔스,전투기,2020년,20대,고고도무인,정찰기,글로벌호크,미국,핵잠수함,한반도,반대,한미군사훈련,진행,자체,국방,탄도미사일,미사일,진척,이스칸데르,미사일,신형대구경방사포,발사,신형전술미사일,자탄,소나기,실험,북한,인민,폐기,한국,일본,대상,비대칭,국방,차원,무기,대내,한국,일본,과시,미국,실무협상,저평가,일종,과시,긍정적,김정은,위원장,비핵화,수순,자체,국방,강화,트럼프,대통령,김정은,친서,이야기,노영희,실무회담,결국,비핵화,북한,무장해제,국내용,본인,주민들,대외적,무시,정도,시험발사,미사일,실전배치,박지원,미국,압박,핵무기,재래식,무기,충분히,보유,실무협상,경제제재,해제,일방적,비핵화,요구,포석,노영희,포석,남한,무시,박지원,김정은,위원장,고난,행군,가지,어려움,극복,핵무기,인민들,폐기,경제발전,북한,주민들,약속,진척,트럼프,대통령,경제제재,압박,재작년,경제성장,3.5%,마이너스,문재인,대통령,남북,경제협력,철도,연결,약속,미국,협상,인민들,책임,문재인,대통령,남한,노영희,책임,전가,박지원,대내,정치,선전용,문재인,대통령,선북후미,선미후북,미국,합의,북한,대화,김대중,대통령,햇볕정책,안보,한미동맹,한미일,공조,출발,말씀,남북,가지,합의,북미,합의,실천,현실,노영희,말짱도루묵,박지원,구실,김정은,위원장,고위,간부,미국,비난,무시,노영희,홍준표,요즘,김정은,트럼프,짝짜꿍,사람,말씀,박지원,야당,문재인,대통령,공격,노영희,본질적,마지막,정치권,이슈,조국,법무부,장관,후보자,지명,여야,강대강,정면충돌,황교안,대표가,국가,전복,사람,법무부,장관,조국,인사,박지원,장관,황교안,대표가,조국,법무부,김학의,사건,방어,이야기,판단,노영희,말씀,박지원,김학의,사건,박영선,장관,법사위원,황교안,황교안,법무부,장관,질문,노영희,비디오,박지원,윤석열,검찰총장,청문회,질문,여주지청장,수사팀장,장관,황교안,법무부,언급,청문회,청문회,윤석열,총장,황교안,황교안,법무부,장관,수사,곤란,답변,야당,대표,조국,법무부,장관,후보자,얘기,권한,본인,대비,말씀,장관,조국,법무부,조정,검경,수사권,공수처,신설,검찰,사법개혁,적임자,생각,노영희,야당,반대,임명,강행,황교안,대표가,걱정,박지원,민주당,추궁,노영희,말씀,의원,무소속,박지원,말씀,감사,박지원,감사","박지원,노영희,황교안,미국,비핵화,김정은,법무부,대표가,북미,핵무기,청문회,문재인,윤석열,무소속,글로벌호크,일본,한국,화요일,주민들,위원장,후보자","YTN라디오(FM 94.5) [노영희의 출발 새아침]

□ 방송일시 : 2019년 8월 13일 (화요일)
□ 출연자 : 박지원 무소속 의원

-북미실무급회담, 8월 말 9월 초 열려 
-선북후미 하지말고 '선미후북' 하는 것이 좋다 
-황교안, 조국 장관되면 김학의 사건으로 문제 생길수도
-조국, 사법개혁 위해 반드시 필요한 적임자 


 [관련 동영상..",https://www.ytn.co.kr/_ln/0101_201908130843088156,
08100101.20190813082249001,20190813,KBS,박혜진,‘조국 대전’ 예고 野 “국가전복 꿈꾸고 갈라치기”,사회>미디어, 정치>국회_정당,,,,,"황교안,후보자",,"KBS,국회,더불어민주당,바른미래당,법무부,사노맹,자유한국당,청와대","조국,대전,예고,국가전복,지난주,청와대,신임,장관,후보자,8명,지명,국회,청문,정국,장관,인사,여야,정치권,관심,조국,법무부,장관,지명자,대전,일명,조국,예고,박혜진,보도,리포트,미스터,국보법,대표,자유한국당,황교안,조국,법무부,장관,지명자,이력,국가보안법,위반,황교안,자유한국당,대표,국가,전복,조직,사람,법무부,장관,이야기,지명자,1993년,사노맹,사건,징역형,선고,청문회,번째,SNS,활동,100만,지명자,과거,야당,대목,손학규,바른미래당,대표,대법원,판결,부정,비난,왜곡,매도,사람,친일파,규정,국민,민정수석,재직,인사,검증,논란,김태우,청와대,특별,감찰,반원,폭로,의혹,민간인,사찰,55억,재산,형성,야당,대목,지명자,의혹,민간인,사찰,검찰,무혐의,처분,재산,배우자,재산,65%,정도,조국,법무부,장관,후보자,질문,사항,인사청문회,여당,막무가내,정국,주도권,태세,이해찬,더불어민주당,대표,청문회,통과,국정운영,순조,청와대,인사청문요청안,국회,제출,예정,야당,얘기,청문회,보이콧,조국,후보자,인사청문회,일정,관측,KBS,박혜진,KBS","지명자,청와대,청문회,박혜진,인사청문회,후보자,민간인,자유한국당,황교안,민정수석,국가보안법,8명,법무부,반원,징역형,이해찬","[앵커]

 지난주 청와대가 신임 장관 후보자 8명을 지명했죠.

 이제 국회는 청문 정국에 들어서게 되는데, 마치 단 한 명 장관 인사를 한 것처럼 여야 정치권의 관심은 온통 조국 법무부 장관 지명자에 쏠려 있습니다.

 일명 '조국 대전'이 예고되고 있습니다.

 박혜진 기자가 보도합니다.

 [리포트]

 '미스터 국보법'이라 불리는 자유한국당 황..",http://news.kbs.co.kr/news/view.do?ncd=4261536&ref=DA,
02100701.20190813081033002,20190813,헤럴드경제,이명수 기자,"김진태 “조국, 지난 여름 한 일 알고 있다” 저격 예고",정치>국회_정당,,,,,,"김,윤석,윤석열,김진태",,"정무위원회,법사위,청와대,자유한국당,CBS,원포인트,법무부,페이스북,법제사법위원회,한국당","김진태,조국,여름,저격,예고,헤럴드경제,이명수,의원,자유한국당,김진태,신임,법무부,장관,지명,조국,인사청문회,청와대,민정수석,집중공세,예고,CBS노컷뉴스,보도,보도,의원,페이스북,윤석열,검찰,총장,청문회,포인트,point,법사위,조국,청문회,조국,여름,의원,인사,청문회,청문위원,법제사법위원회,소속,청문,위원,참여,예정,관계자,한국당,법사위,통화,윤석열,청문회,정무,위원회,원포인트,의원,청문회,유임,매체","청문회,윤석열,법사위,김진태,민정수석,한국당,청와대,법제사법위원회,페이스북,원포인트,자유한국당,노컷,헤럴드,헤럴드경제,집중공세,법무부,이명수,인사청문회,청문위원,위원회,point,관계자,cbs,cbs노컷뉴스,의원,조국,예고,신임,소속,보도,여름,위원,참여","[헤럴드경제DB] [헤럴드경제=이명수 기자] 자유한국당 김진태 의원이 신임 법무부장관으로 지명된 조국 전 청와대 민정수석 인사청문회에 집중공세를 예고하고 나섰다고 CBS노컷뉴스가 보도했다. 
 
 보도에 따르면, 김 의원은 12일 페이스북을 통해 “지난 번 윤석열 (검찰총장) 청문회를 하기 위해 원 포인트(one point)로 법사위에 갔었는데, 조국 ..",http://biz.heraldcorp.com/view.php?ud=20190813000020,
